,法國,德國,印度,義大利,日本,南韓,西班牙,台灣,美國,英國
2020-01-22,0.0,0.0,0.0,0.0,0.0,0.0,0.0,0.0,0.0,0.0
2020-01-23,15692.0,0.0,0.0,0.0,7941.0,0.0,0.0,19.0,28351.0,11031.0
2020-01-24,0.0,13735.0,0.0,0.0,7801.0,3575.0,0.0,0.0,0.0,0.0
2020-01-25,0.0,0.0,8823.0,0.0,0.0,0.0,0.0,0.0,0.0,8159.0
2020-01-26,0.0,0.0,0.0,2280.0,9628.0,226.0,0.0,0.0,0.0,0.0
2020-01-27,0.0,625.0,0.0,8789.0,0.0,0.0,0.0,5.0,12487.0,0.0
2020-01-28,0.0,0.0,0.0,0.0,3465.0,0.0,0.0,0.0,0.0,0.0
2020-01-29,0.0,0.0,2066.0,0.0,14139.0,0.0,0.0,0.0,0.0,0.0
2020-01-30,0.0,0.0,0.0,0.0,4103.0,875.0,841.0,1.0,0.0,0.0
2020-01-31,0.0,0.0,0.0,0.0,0.0,0.0,0.0,10.0,0.0,0.0
2020-02-01,0.0,0.0,0.0,0.0,7931.0,0.0,0.0,2.0,0.0,0.0
2020-02-02,0.0,0.0,0.0,0.0,0.0,0.0,0.0,0.0,0.0,0.0
2020-02-03,0.0,0.0,0.0,0.0,11546.0,0.0,0.0,4.0,4284.0,0.0
2020-02-04,0.0,0.0,0.0,0.0,1565.0,0.0,1300.0,0.0,0.0,0.0
2020-02-05,0.0,0.0,0.0,0.0,4659.0,0.0,0.0,0.0,0.0,0.0
2020-02-06,0.0,0.0,0.0,0.0,9084.0,672.0,0.0,1.0,0.0,0.0
2020-02-07,0.0,2721.0,0.0,165.0,0.0,0.0,0.0,3.0,0.0,0.0
2020-02-08,0.0,0.0,562.0,0.0,10383.0,0.0,0.0,0.0,0.0,0.0
2020-02-09,5017.0,2719.0,0.0,2648.0,0.0,0.0,0.0,3.0,0.0,0.0
2020-02-10,0.0,0.0,0.0,0.0,6763.0,0.0,0.0,0.0,0.0,2636.0
2020-02-11,0.0,0.0,1557.0,0.0,4429.0,0.0,0.0,0.0,0.0,0.0
2020-02-12,0.0,0.0,0.0,0.0,7613.0,0.0,0.0,11.0,1422.0,0.0
2020-02-13,0.0,1732.0,0.0,0.0,2514.0,0.0,0.0,0.0,0.0,0.0
2020-02-14,0.0,0.0,0.0,0.0,5446.0,172.0,0.0,0.0,0.0,888.0
2020-02-15,0.0,0.0,0.0,0.0,602.0,0.0,0.0,2.0,0.0,0.0
2020-02-16,0.0,1790.0,0.0,0.0,8763.0,0.0,0.0,7.0,0.0,0.0
2020-02-17,5757.0,0.0,0.0,0.0,11570.0,0.0,0.0,0.0,0.0,0.0
2020-02-18,0.0,0.0,1386.0,0.0,0.0,0.0,0.0,0.0,0.0,0.0
2020-02-19,0.0,0.0,0.0,0.0,10576.0,0.0,0.0,0.0,0.0,0.0
2020-02-20,0.0,0.0,0.0,3080.0,0.0,0.0,504.0,8.0,2266.0,0.0
2020-02-21,0.0,0.0,0.0,0.0,2747.0,281.0,0.0,0.0,0.0,2814.0
2020-02-22,0.0,0.0,0.0,0.0,8738.0,0.0,1350.0,0.0,0.0,0.0
2020-02-23,0.0,0.0,0.0,0.0,482.0,0.0,0.0,0.0,0.0,0.0
2020-02-24,5101.0,0.0,0.0,0.0,10827.0,0.0,0.0,0.0,0.0,0.0
2020-02-25,0.0,0.0,0.0,0.0,6879.0,0.0,0.0,0.0,18653.0,0.0
2020-02-26,0.0,0.0,0.0,0.0,0.0,0.0,0.0,4.0,0.0,0.0
2020-02-27,0.0,2455.0,4787.0,0.0,7928.0,0.0,0.0,0.0,0.0,0.0
2020-02-28,0.0,0.0,0.0,0.0,4291.0,0.0,4608.0,1.0,0.0,0.0
2020-02-29,0.0,0.0,0.0,0.0,9060.0,0.0,0.0,0.0,0.0,0.0
2020-03-01,0.0,3881.0,0.0,0.0,0.0,0.0,0.0,13.0,0.0,0.0
2020-03-02,0.0,4.0,0.0,1376.0,3405.0,171.0,0.0,0.0,0.0,0.0
2020-03-03,352.0,1290.0,0.0,0.0,1206.0,0.0,0.0,3.0,6594.0,3073.0
2020-03-04,0.0,0.0,0.0,4133.0,7668.0,0.0,0.0,0.0,0.0,0.0
2020-03-05,8220.0,0.0,0.0,0.0,9066.0,0.0,3571.0,0.0,0.0,0.0
2020-03-06,0.0,0.0,0.0,0.0,0.0,0.0,0.0,3.0,0.0,0.0
2020-03-07,0.0,10884.0,0.0,0.0,4777.0,0.0,0.0,0.0,0.0,0.0
2020-03-08,0.0,0.0,0.0,0.0,10822.0,0.0,1660.0,1.0,0.0,0.0
2020-03-09,3561.0,0.0,0.0,0.0,1173.0,0.0,0.0,0.0,12245.0,0.0
2020-03-10,0.0,0.0,0.0,0.0,12010.0,0.0,0.0,2.0,0.0,0.0
2020-03-11,0.0,0.0,0.0,0.0,6035.0,0.0,0.0,10.0,0.0,0.0
2020-03-12,0.0,5769.0,0.0,0.0,2120.0,0.0,0.0,0.0,0.0,5622.0
2020-03-13,0.0,0.0,0.0,0.0,0.0,0.0,0.0,0.0,0.0,0.0
2020-03-14,0.0,0.0,0.0,2353.0,12145.0,0.0,0.0,0.0,0.0,3173.0
2020-03-15,0.0,0.0,0.0,0.0,4178.0,0.0,4687.0,3.0,0.0,3208.0
2020-03-16,0.0,0.0,0.0,980.0,0.0,0.0,0.0,3.0,0.0,0.0
2020-03-17,0.0,0.0,0.0,0.0,1259.0,0.0,0.0,8.0,12939.0,0.0
2020-03-18,0.0,0.0,0.0,0.0,7600.0,0.0,0.0,0.0,128.0,0.0
2020-03-19,0.0,0.0,0.0,5186.0,2539.0,0.0,0.0,0.0,4812.0,0.0
2020-03-20,4013.0,8038.0,0.0,0.0,7919.0,0.0,0.0,0.0,0.0,0.0
2020-03-21,4435.0,0.0,0.0,0.0,7741.0,0.0,0.0,0.0,14943.0,0.0
2020-03-22,0.0,4441.0,0.0,0.0,8874.0,0.0,0.0,7.0,0.0,4885.0
2020-03-23,6722.0,0.0,0.0,6129.0,0.0,0.0,0.0,0.0,0.0,0.0
2020-03-24,1298.0,2771.0,4509.0,1448.0,0.0,0.0,3212.0,0.0,0.0,1940.0
2020-03-25,4709.0,0.0,0.0,0.0,7711.0,0.0,0.0,7.0,0.0,0.0
2020-03-26,3964.0,3786.0,0.0,0.0,9415.0,0.0,0.0,0.0,0.0,909.0
2020-03-27,0.0,0.0,0.0,0.0,0.0,1360.0,0.0,0.0,0.0,0.0
2020-03-28,0.0,0.0,0.0,0.0,12315.0,0.0,2886.0,9.0,0.0,0.0
2020-03-29,0.0,6631.0,0.0,0.0,0.0,0.0,1262.0,0.0,13350.0,5274.0
2020-03-30,0.0,0.0,0.0,0.0,1364.0,0.0,0.0,0.0,10028.0,0.0
2020-03-31,7594.0,0.0,0.0,0.0,2592.0,0.0,0.0,4.0,0.0,0.0
2020-04-01,0.0,0.0,0.0,4305.0,15679.0,0.0,0.0,0.0,0.0,0.0
2020-04-02,0.0,1246.0,0.0,0.0,0.0,0.0,0.0,2.0,14552.0,0.0
2020-04-03,1772.0,1510.0,7980.0,0.0,0.0,66.0,0.0,0.0,0.0,0.0
2020-04-04,0.0,7960.0,0.0,0.0,9106.0,0.0,0.0,1.0,0.0,0.0
2020-04-05,0.0,0.0,2937.0,0.0,7513.0,0.0,614.0,0.0,0.0,3213.0
2020-04-06,5543.0,0.0,0.0,0.0,240.0,0.0,3688.0,3.0,0.0,0.0
2020-04-07,0.0,0.0,0.0,3633.0,5828.0,0.0,7144.0,0.0,14078.0,0.0
2020-04-08,0.0,0.0,1614.0,3222.0,7319.0,0.0,505.0,0.0,0.0,0.0
2020-04-09,10167.0,0.0,0.0,0.0,0.0,0.0,0.0,7.0,0.0,0.0
2020-04-10,0.0,0.0,0.0,0.0,10481.0,0.0,1130.0,0.0,0.0,7861.0
2020-04-11,2517.0,0.0,2737.0,0.0,0.0,0.0,2943.0,0.0,0.0,0.0
2020-04-12,0.0,0.0,0.0,255.0,2574.0,0.0,0.0,0.0,22597.0,0.0
2020-04-13,0.0,15031.0,0.0,5209.0,5282.0,0.0,0.0,0.0,0.0,4069.0
2020-04-14,4788.0,0.0,0.0,0.0,336.0,0.0,572.0,3.0,0.0,0.0
2020-04-15,5536.0,0.0,0.0,0.0,10156.0,702.0,0.0,2.0,0.0,5108.0
2020-04-16,0.0,0.0,0.0,2010.0,0.0,0.0,0.0,0.0,0.0,0.0
2020-04-17,0.0,9120.0,0.0,0.0,1508.0,0.0,2156.0,14.0,3421.0,0.0
2020-04-18,0.0,0.0,6646.0,1911.0,9962.0,0.0,0.0,0.0,0.0,0.0
2020-04-19,0.0,4109.0,0.0,5853.0,0.0,0.0,0.0,0.0,0.0,0.0
2020-04-20,0.0,0.0,0.0,0.0,2682.0,0.0,0.0,8.0,0.0,0.0
2020-04-21,0.0,0.0,7608.0,0.0,10355.0,0.0,0.0,0.0,0.0,5118.0
2020-04-22,7235.0,0.0,0.0,4417.0,3428.0,164.0,0.0,0.0,28345.0,0.0
2020-04-23,0.0,0.0,0.0,217.0,4574.0,940.0,0.0,0.0,0.0,0.0
2020-04-24,2499.0,0.0,2600.0,0.0,10157.0,0.0,9492.0,0.0,0.0,0.0
2020-04-25,13888.0,4527.0,0.0,0.0,0.0,0.0,0.0,11.0,0.0,3967.0
2020-04-26,997.0,12033.0,0.0,357.0,0.0,0.0,0.0,0.0,0.0,7622.0
2020-04-27,0.0,0.0,0.0,0.0,10.0,0.0,0.0,0.0,0.0,0.0
2020-04-28,0.0,0.0,0.0,5027.0,8292.0,0.0,2875.0,0.0,0.0,0.0
2020-04-29,0.0,0.0,0.0,0.0,9691.0,0.0,0.0,0.0,0.0,0.0
2020-04-30,0.0,3171.0,0.0,1953.0,0.0,0.0,1709.0,0.0,36854.0,0.0
2020-05-01,0.0,393.0,0.0,0.0,80.0,0.0,0.0,0.0,0.0,0.0
2020-05-02,4380.0,11684.0,0.0,0.0,4489.0,0.0,0.0,0.0,7945.0,5254.0
2020-05-03,7537.0,0.0,0.0,0.0,9596.0,0.0,0.0,4.0,4668.0,0.0
2020-05-04,0.0,0.0,0.0,0.0,2196.0,261.0,0.0,0.0,4033.0,6845.0
2020-05-05,14742.0,9699.0,0.0,0.0,0.0,54.0,5391.0,17.0,0.0,0.0
2020-05-06,0.0,0.0,0.0,0.0,5275.0,0.0,0.0,0.0,0.0,2057.0
2020-05-07,0.0,0.0,2925.0,3840.0,2741.0,0.0,8283.0,2.0,27073.0,0.0
2020-05-08,7038.0,0.0,9733.0,2548.0,5746.0,0.0,0.0,0.0,0.0,5917.0
2020-05-09,0.0,0.0,0.0,0.0,9176.0,0.0,0.0,0.0,0.0,0.0
2020-05-10,7074.0,4602.0,0.0,7960.0,228.0,0.0,0.0,0.0,0.0,0.0
2020-05-11,0.0,0.0,0.0,0.0,0.0,0.0,0.0,0.0,17087.0,0.0
2020-05-12,0.0,0.0,0.0,0.0,10682.0,0.0,0.0,0.0,913.0,0.0
2020-05-13,0.0,14710.0,0.0,0.0,0.0,0.0,0.0,2.0,0.0,0.0
2020-05-14,0.0,4338.0,0.0,3475.0,0.0,0.0,0.0,0.0,20460.0,0.0
2020-05-15,0.0,0.0,0.0,0.0,861.0,0.0,8272.0,13.0,592.0,2043.0
2020-05-16,0.0,0.0,7573.0,3245.0,6289.0,0.0,0.0,0.0,0.0,8519.0
2020-05-17,10627.0,6443.0,0.0,0.0,2935.0,0.0,0.0,0.0,16422.0,0.0
2020-05-18,0.0,0.0,0.0,4780.0,7746.0,0.0,0.0,0.0,0.0,0.0
2020-05-19,2489.0,0.0,349.0,1891.0,7017.0,0.0,0.0,5.0,9565.0,0.0
2020-05-20,7603.0,11717.0,0.0,0.0,1361.0,0.0,5980.0,0.0,0.0,6180.0
2020-05-21,9018.0,0.0,484.0,0.0,1380.0,0.0,0.0,2.0,0.0,2900.0
2020-05-22,7129.0,0.0,2438.0,1239.0,3588.0,0.0,0.0,4.0,0.0,0.0
2020-05-23,0.0,3188.0,0.0,3494.0,0.0,0.0,0.0,2.0,0.0,0.0
2020-05-24,0.0,0.0,0.0,0.0,9732.0,0.0,0.0,0.0,35456.0,5466.0
2020-05-25,13072.0,11347.0,0.0,7667.0,0.0,0.0,5526.0,0.0,3733.0,0.0
2020-05-26,0.0,0.0,1009.0,0.0,2334.0,0.0,0.0,0.0,813.0,0.0
2020-05-27,4781.0,0.0,0.0,2941.0,0.0,0.0,4050.0,4.0,0.0,0.0
2020-05-28,0.0,8779.0,0.0,0.0,3641.0,0.0,0.0,10.0,0.0,2570.0
2020-05-29,0.0,0.0,9013.0,3765.0,3652.0,0.0,0.0,0.0,0.0,0.0
2020-05-30,0.0,0.0,0.0,0.0,0.0,0.0,0.0,4.0,0.0,10682.0
2020-05-31,2449.0,9281.0,1058.0,0.0,1613.0,0.0,0.0,3.0,31194.0,0.0
2020-06-01,15527.0,0.0,0.0,7766.0,4191.0,268.0,4539.0,0.0,0.0,0.0
2020-06-02,2288.0,6913.0,0.0,0.0,5747.0,0.0,5895.0,0.0,0.0,1847.0
2020-06-03,0.0,0.0,7076.0,3040.0,8024.0,0.0,0.0,3.0,15403.0,2387.0
2020-06-04,0.0,0.0,0.0,0.0,0.0,1622.0,0.0,0.0,21340.0,567.0
2020-06-05,4942.0,0.0,3156.0,0.0,0.0,0.0,3204.0,5.0,2166.0,6246.0
2020-06-06,12325.0,0.0,0.0,0.0,2576.0,0.0,0.0,0.0,6921.0,3452.0
2020-06-07,0.0,5651.0,4178.0,0.0,2943.0,0.0,6907.0,2.0,0.0,0.0
2020-06-08,0.0,13097.0,0.0,0.0,0.0,0.0,0.0,0.0,0.0,0.0
2020-06-09,0.0,2077.0,0.0,4045.0,5969.0,0.0,5245.0,0.0,15855.0,0.0
2020-06-10,10616.0,11543.0,0.0,0.0,0.0,0.0,0.0,3.0,0.0,9818.0
2020-06-11,0.0,0.0,0.0,1389.0,0.0,0.0,0.0,4.0,0.0,0.0
2020-06-12,7905.0,3998.0,3765.0,8711.0,11224.0,0.0,0.0,1.0,31230.0,0.0
2020-06-13,8460.0,0.0,0.0,4920.0,0.0,0.0,2811.0,0.0,0.0,0.0
2020-06-14,4473.0,0.0,0.0,0.0,884.0,0.0,0.0,0.0,0.0,0.0
2020-06-15,0.0,8025.0,5501.0,0.0,0.0,0.0,0.0,0.0,5009.0,7730.0
2020-06-16,0.0,5560.0,0.0,0.0,0.0,0.0,34.0,3.0,0.0,992.0
2020-06-17,0.0,0.0,0.0,6575.0,11069.0,0.0,6911.0,14.0,0.0,1350.0
2020-06-18,0.0,13655.0,0.0,2611.0,529.0,0.0,4056.0,0.0,37923.0,0.0
2020-06-19,20027.0,3627.0,8012.0,0.0,3803.0,0.0,927.0,0.0,0.0,5587.0
2020-06-20,0.0,0.0,0.0,0.0,0.0,0.0,1567.0,5.0,0.0,0.0
2020-06-21,2247.0,0.0,0.0,0.0,0.0,0.0,3480.0,0.0,0.0,121.0
2020-06-22,5827.0,0.0,0.0,1780.0,0.0,0.0,0.0,1.0,3358.0,5018.0
2020-06-23,9825.0,10635.0,0.0,1182.0,0.0,705.0,0.0,0.0,25283.0,0.0
2020-06-24,0.0,0.0,8693.0,0.0,3480.0,0.0,541.0,8.0,0.0,5509.0
2020-06-25,0.0,11628.0,0.0,10309.0,0.0,0.0,8736.0,0.0,14199.0,4781.0
2020-06-26,0.0,2899.0,0.0,0.0,9437.0,0.0,624.0,0.0,0.0,4400.0
2020-06-27,5142.0,0.0,0.0,2042.0,0.0,0.0,5083.0,0.0,30271.0,0.0
2020-06-28,9920.0,0.0,0.0,4106.0,1423.0,0.0,0.0,7.0,0.0,0.0
2020-06-29,0.0,0.0,2793.0,2358.0,0.0,0.0,0.0,2.0,2545.0,0.0
2020-06-30,0.0,11968.0,0.0,0.0,3255.0,0.0,0.0,0.0,0.0,0.0
2020-07-01,16748.0,3103.0,0.0,0.0,3980.0,0.0,0.0,0.0,0.0,0.0
2020-07-02,4260.0,2943.0,0.0,6309.0,0.0,0.0,0.0,0.0,16434.0,14232.0
2020-07-03,0.0,1679.0,0.0,3664.0,924.0,0.0,7061.0,0.0,26101.0,1452.0
2020-07-04,1668.0,14660.0,0.0,3496.0,2294.0,0.0,0.0,0.0,0.0,0.0
2020-07-05,0.0,0.0,0.0,0.0,0.0,0.0,0.0,1.0,0.0,0.0
2020-07-06,0.0,0.0,0.0,0.0,2645.0,0.0,10124.0,0.0,6278.0,12692.0
2020-07-07,9727.0,15837.0,0.0,8298.0,0.0,0.0,281.0,11.0,0.0,0.0
2020-07-08,14018.0,0.0,10450.0,0.0,0.0,0.0,4307.0,4.0,40199.0,8205.0
2020-07-09,2442.0,6581.0,8423.0,0.0,0.0,0.0,0.0,0.0,0.0,0.0
2020-07-10,0.0,0.0,2329.0,3941.0,7775.0,840.0,0.0,0.0,0.0,0.0
2020-07-11,6296.0,5338.0,0.0,2097.0,0.0,0.0,2551.0,0.0,0.0,0.0
2020-07-12,0.0,1636.0,5638.0,4738.0,0.0,0.0,5017.0,0.0,5936.0,6445.0
2020-07-13,2939.0,4057.0,0.0,0.0,0.0,0.0,1545.0,13.0,19249.0,0.0
2020-07-14,12120.0,7640.0,0.0,0.0,3096.0,0.0,0.0,0.0,18708.0,2549.0
2020-07-15,15318.0,0.0,0.0,8295.0,0.0,0.0,0.0,0.0,0.0,0.0
2020-07-16,2777.0,1339.0,7041.0,0.0,0.0,0.0,4569.0,0.0,0.0,12534.0
2020-07-17,0.0,12645.0,0.0,0.0,317.0,0.0,5626.0,0.0,24619.0,0.0
2020-07-18,12475.0,9829.0,0.0,0.0,4101.0,0.0,0.0,0.0,7755.0,6404.0
2020-07-19,0.0,0.0,0.0,5968.0,0.0,0.0,0.0,12.0,23703.0,0.0
2020-07-20,3302.0,0.0,13.0,5499.0,0.0,0.0,0.0,0.0,0.0,0.0
2020-07-21,2247.0,3469.0,0.0,0.0,0.0,0.0,7504.0,0.0,12870.0,2100.0
2020-07-22,0.0,0.0,0.0,0.0,5820.0,0.0,0.0,0.0,0.0,940.0
2020-07-23,16066.0,0.0,3704.0,0.0,0.0,636.0,0.0,0.0,13975.0,6079.0
2020-07-24,0.0,10655.0,4113.0,0.0,0.0,0.0,2966.0,0.0,0.0,0.0
2020-07-25,9415.0,12803.0,0.0,499.0,0.0,0.0,3909.0,9.0,0.0,0.0
2020-07-26,0.0,0.0,0.0,3268.0,2340.0,0.0,952.0,2.0,0.0,0.0
2020-07-27,0.0,0.0,0.0,13913.0,0.0,0.0,0.0,3.0,26514.0,9002.0
2020-07-28,14125.0,9917.0,9506.0,61.0,1799.0,0.0,0.0,0.0,0.0,0.0
2020-07-29,0.0,0.0,0.0,4261.0,0.0,0.0,7930.0,0.0,88.0,3362.0
2020-07-30,14149.0,325.0,711.0,0.0,0.0,0.0,379.0,3.0,36804.0,0.0
2020-07-31,0.0,10988.0,0.0,5776.0,1494.0,0.0,0.0,0.0,0.0,4626.0
2020-08-01,0.0,5397.0,0.0,0.0,0.0,0.0,3081.0,0.0,14113.0,10457.0
2020-08-02,8435.0,0.0,0.0,0.0,0.0,0.0,0.0,0.0,31923.0,0.0
2020-08-03,0.0,10655.0,0.0,0.0,0.0,0.0,5922.0,0.0,8231.0,0.0
2020-08-04,13011.0,0.0,0.0,7182.0,0.0,0.0,0.0,0.0,0.0,1901.0
2020-08-05,0.0,6754.0,0.0,6402.0,0.0,0.0,521.0,8.0,33088.0,0.0
2020-08-06,843.0,1872.0,2150.0,0.0,0.0,0.0,2672.0,0.0,0.0,4236.0
2020-08-07,14731.0,13310.0,4721.0,7655.0,126.0,890.0,0.0,0.0,0.0,0.0
2020-08-08,3088.0,18123.0,9568.0,0.0,0.0,0.0,13668.0,2.0,0.0,13124.0
2020-08-09,428.0,0.0,5959.0,0.0,0.0,0.0,0.0,10.0,0.0,1212.0
2020-08-10,0.0,0.0,0.0,0.0,0.0,0.0,6310.0,0.0,27726.0,8817.0
2020-08-11,22504.0,4514.0,0.0,64.0,2839.0,0.0,0.0,0.0,22065.0,6112.0
2020-08-12,0.0,12927.0,0.0,8792.0,123.0,0.0,0.0,9.0,5940.0,0.0
2020-08-13,0.0,0.0,0.0,0.0,0.0,0.0,5071.0,2.0,26871.0,0.0
2020-08-14,0.0,0.0,10928.0,5261.0,159.0,0.0,6249.0,0.0,0.0,8552.0
2020-08-15,28634.0,6879.0,0.0,2598.0,0.0,148.0,0.0,0.0,1506.0,0.0
2020-08-16,0.0,19954.0,669.0,4001.0,0.0,0.0,0.0,1.0,0.0,0.0
2020-08-17,629.0,6003.0,1080.0,0.0,0.0,120.0,0.0,5.0,6002.0,0.0
2020-08-18,0.0,0.0,2072.0,0.0,0.0,0.0,0.0,0.0,27910.0,0.0
2020-08-19,5366.0,0.0,7219.0,7960.0,0.0,0.0,0.0,4.0,0.0,17575.0
2020-08-20,8467.0,3012.0,0.0,0.0,0.0,0.0,9383.0,6.0,4086.0,0.0
2020-08-21,5240.0,0.0,5675.0,0.0,0.0,0.0,0.0,0.0,5596.0,0.0
2020-08-22,22380.0,22443.0,0.0,12878.0,0.0,0.0,7251.0,0.0,15753.0,7319.0
2020-08-23,2492.0,0.0,0.0,0.0,0.0,0.0,0.0,4.0,37119.0,0.0
2020-08-24,7798.0,0.0,0.0,0.0,0.0,0.0,2034.0,0.0,7234.0,178.0
2020-08-25,0.0,4024.0,0.0,3664.0,0.0,734.0,0.0,0.0,30431.0,5824.0
2020-08-26,10970.0,0.0,0.0,7803.0,0.0,0.0,4129.0,0.0,0.0,2685.0
2020-08-27,0.0,25775.0,0.0,0.0,0.0,0.0,3971.0,9.0,0.0,9357.0
2020-08-28,0.0,2695.0,0.0,0.0,0.0,0.0,9212.0,0.0,0.0,4577.0
2020-08-29,24926.0,0.0,0.0,0.0,0.0,0.0,0.0,5.0,451.0,0.0
2020-08-30,0.0,4594.0,4339.0,6318.0,0.0,0.0,5948.0,0.0,38103.0,7756.0
2020-08-31,10255.0,5928.0,8293.0,0.0,0.0,0.0,0.0,0.0,0.0,0.0
2020-09-01,4392.0,0.0,0.0,3983.0,0.0,0.0,0.0,0.0,45958.0,0.0
2020-09-02,0.0,25637.0,14642.0,1407.0,0.0,0.0,9063.0,0.0,0.0,10460.0
2020-09-03,4370.0,0.0,0.0,7550.0,0.0,0.0,0.0,0.0,0.0,0.0
2020-09-04,812.0,0.0,0.0,0.0,0.0,0.0,0.0,0.0,28323.0,2224.0
2020-09-05,3766.0,16151.0,0.0,0.0,0.0,0.0,3133.0,10.0,18961.0,0.0
2020-09-06,25572.0,0.0,7154.0,9093.0,0.0,151.0,4593.0,0.0,0.0,10751.0
2020-09-07,8611.0,10218.0,0.0,0.0,0.0,0.0,0.0,5.0,13015.0,0.0
2020-09-08,0.0,0.0,5577.0,0.0,0.0,0.0,7486.0,5.0,27053.0,0.0
2020-09-09,12841.0,9268.0,2217.0,8508.0,0.0,458.0,3633.0,0.0,0.0,12495.0
2020-09-10,0.0,0.0,0.0,12082.0,0.0,276.0,0.0,0.0,0.0,3483.0
2020-09-11,5871.0,6169.0,2406.0,0.0,0.0,0.0,5823.0,0.0,0.0,0.0
2020-09-12,3875.0,14082.0,0.0,0.0,0.0,59.0,0.0,8.0,9831.0,6869.0
2020-09-13,17881.0,7177.0,0.0,0.0,0.0,0.0,0.0,0.0,18850.0,0.0
2020-09-14,0.0,0.0,0.0,3401.0,0.0,0.0,282.0,0.0,12997.0,7106.0
2020-09-15,0.0,7259.0,7655.0,1525.0,0.0,0.0,10801.0,2.0,11925.0,0.0
2020-09-16,17114.0,0.0,0.0,2335.0,0.0,0.0,0.0,6.0,48031.0,0.0
2020-09-17,0.0,10899.0,0.0,13898.0,0.0,0.0,5538.0,0.0,0.0,0.0
2020-09-18,574.0,0.0,0.0,0.0,0.0,0.0,0.0,4.0,0.0,7191.0
2020-09-19,7243.0,0.0,7909.0,3574.0,0.0,0.0,0.0,0.0,7995.0,12118.0
2020-09-20,17244.0,23144.0,1655.0,0.0,0.0,0.0,10283.0,0.0,0.0,0.0
2020-09-21,12996.0,2984.0,7722.0,3520.0,0.0,0.0,0.0,5.0,28375.0,0.0
2020-09-22,0.0,12319.0,0.0,0.0,0.0,0.0,0.0,0.0,6421.0,0.0
2020-09-23,742.0,7528.0,6592.0,7458.0,0.0,0.0,0.0,0.0,23244.0,5802.0
2020-09-24,0.0,0.0,0.0,0.0,0.0,0.0,1594.0,0.0,11459.0,0.0
2020-09-25,24361.0,0.0,0.0,12016.0,0.0,0.0,12564.0,5.0,5407.0,19483.0
2020-09-26,0.0,6358.0,0.0,0.0,0.0,0.0,0.0,0.0,31775.0,0.0
2020-09-27,17337.0,10134.0,0.0,2752.0,0.0,0.0,0.0,3.0,9652.0,0.0
2020-09-28,0.0,0.0,7442.0,1763.0,0.0,0.0,10361.0,0.0,1161.0,0.0
2020-09-29,6488.0,6552.0,0.0,9517.0,0.0,0.0,0.0,6.0,40108.0,15386.0
2020-09-30,15098.0,7486.0,0.0,0.0,0.0,0.0,351.0,0.0,4361.0,0.0
2020-10-01,0.0,14625.0,7081.0,0.0,0.0,0.0,4539.0,2.0,0.0,0.0
2020-10-02,0.0,5739.0,0.0,8968.0,0.0,0.0,0.0,0.0,27460.0,0.0
2020-10-03,19624.0,19979.0,3131.0,2108.0,0.0,0.0,595.0,0.0,25208.0,17655.0
2020-10-04,6859.0,0.0,0.0,5842.0,0.0,0.0,0.0,0.0,20580.0,0.0
2020-10-05,0.0,0.0,0.0,4188.0,0.0,0.0,3356.0,0.0,0.0,5248.0
2020-10-06,16860.0,17201.0,0.0,1151.0,0.0,410.0,3794.0,0.0,26507.0,0.0
2020-10-07,4156.0,1586.0,0.0,3645.0,0.0,0.0,14613.0,14.0,0.0,0.0
2020-10-08,0.0,16525.0,19755.0,7372.0,0.0,0.0,1443.0,0.0,20984.0,1599.0
2020-10-09,16947.0,7935.0,0.0,0.0,0.0,974.0,5155.0,0.0,19437.0,10016.0
2020-10-10,0.0,0.0,0.0,0.0,0.0,0.0,821.0,0.0,4108.0,8096.0
2020-10-11,17460.0,0.0,0.0,3692.0,0.0,0.0,0.0,0.0,26969.0,0.0
2020-10-12,4065.0,1898.0,67.0,0.0,0.0,0.0,1357.0,7.0,0.0,6318.0
2020-10-13,5784.0,13133.0,0.0,8733.0,0.0,0.0,6480.0,0.0,0.0,2286.0
2020-10-14,0.0,3061.0,1677.0,0.0,0.0,0.0,6470.0,0.0,20053.0,0.0
2020-10-15,9219.0,19822.0,7918.0,1384.0,0.0,0.0,0.0,9.0,16330.0,9035.0
2020-10-16,0.0,405.0,0.0,9358.0,0.0,0.0,0.0,3.0,33226.0,0.0
2020-10-17,5902.0,0.0,0.0,7272.0,0.0,0.0,0.0,3.0,0.0,7765.0
2020-10-18,31504.0,800.0,6994.0,0.0,0.0,0.0,14440.0,0.0,13971.0,0.0
2020-10-19,0.0,20074.0,0.0,8677.0,0.0,0.0,0.0,3.0,0.0,0.0
2020-10-20,0.0,21108.0,0.0,0.0,0.0,0.0,4057.0,0.0,46742.0,9067.0
2020-10-21,5395.0,3405.0,0.0,0.0,0.0,0.0,0.0,0.0,0.0,0.0
2020-10-22,9749.0,0.0,18102.0,9704.0,0.0,0.0,0.0,0.0,0.0,5561.0
2020-10-23,20255.0,7647.0,0.0,7588.0,0.0,0.0,11208.0,0.0,8187.0,19848.0
2020-10-24,11706.0,2854.0,7426.0,0.0,0.0,0.0,0.0,0.0,51603.0,0.0
2020-10-25,3128.0,12573.0,0.0,9331.0,0.0,0.0,0.0,2.0,0.0,4162.0
2020-10-26,10142.0,3975.0,0.0,0.0,0.0,0.0,11744.0,0.0,0.0,6572.0
2020-10-27,12213.0,11495.0,0.0,0.0,0.0,0.0,0.0,0.0,20561.0,0.0
2020-10-28,0.0,0.0,1999.0,7839.0,0.0,0.0,3804.0,7.0,33062.0,0.0
2020-10-29,0.0,5289.0,0.0,0.0,0.0,606.0,0.0,12.0,0.0,0.0
2020-10-30,3312.0,8048.0,12876.0,0.0,0.0,0.0,11088.0,0.0,1220.0,12773.0
2020-10-31,5970.0,15105.0,0.0,13740.0,0.0,0.0,1064.0,0.0,57695.0,0.0
2020-11-01,3949.0,6012.0,0.0,0.0,0.0,0.0,0.0,0.0,0.0,6056.0
2020-11-02,25944.0,12818.0,0.0,0.0,0.0,0.0,2623.0,0.0,9140.0,3446.0
2020-11-03,12674.0,12591.0,298.0,11409.0,0.0,0.0,0.0,0.0,0.0,0.0
2020-11-04,3890.0,5804.0,4427.0,2651.0,0.0,0.0,8818.0,0.0,4873.0,0.0
2020-11-05,3131.0,0.0,0.0,7954.0,0.0,0.0,6055.0,0.0,56742.0,13054.0
2020-11-06,24616.0,19925.0,1746.0,0.0,0.0,0.0,0.0,2.0,0.0,3538.0
2020-11-07,0.0,0.0,16834.0,0.0,0.0,0.0,5966.0,11.0,16040.0,4025.0
2020-11-08,11762.0,4336.0,1090.0,1061.0,0.0,0.0,0.0,0.0,0.0,4831.0
2020-11-09,2622.0,15303.0,187.0,6461.0,0.0,252.0,9826.0,0.0,13989.0,15944.0
2020-11-10,20113.0,13295.0,9778.0,0.0,0.0,0.0,0.0,12.0,51556.0,0.0
2020-11-11,0.0,53.0,0.0,1286.0,0.0,0.0,0.0,0.0,0.0,0.0
2020-11-12,0.0,0.0,0.0,12954.0,0.0,0.0,0.0,0.0,0.0,11734.0
2020-11-13,20165.0,16529.0,0.0,0.0,0.0,0.0,12956.0,0.0,0.0,0.0
2020-11-14,0.0,12943.0,3707.0,0.0,0.0,0.0,4613.0,0.0,39251.0,0.0
2020-11-15,17697.0,2499.0,0.0,2620.0,0.0,0.0,0.0,0.0,34245.0,15815.0
2020-11-16,0.0,10046.0,0.0,6760.0,0.0,843.0,0.0,10.0,0.0,0.0
2020-11-17,13324.0,7461.0,0.0,14004.0,0.0,0.0,6889.0,0.0,27.0,0.0
2020-11-18,0.0,0.0,0.0,1317.0,0.0,0.0,5080.0,0.0,53197.0,2230.0
2020-11-19,9856.0,13173.0,0.0,2523.0,0.0,0.0,7421.0,0.0,0.0,911.0
2020-11-20,10080.0,0.0,1977.0,0.0,0.0,0.0,0.0,0.0,43556.0,17465.0
2020-11-21,25194.0,3600.0,19123.0,3227.0,0.0,0.0,517.0,11.0,0.0,0.0
2020-11-22,3954.0,17008.0,0.0,5061.0,0.0,0.0,1089.0,0.0,33820.0,0.0
2020-11-23,9249.0,10702.0,10401.0,41.0,0.0,0.0,9536.0,1.0,11343.0,8123.0
2020-11-24,7865.0,0.0,0.0,6353.0,0.0,0.0,9419.0,0.0,0.0,10861.0
2020-11-25,1393.0,8948.0,0.0,15821.0,0.0,0.0,0.0,0.0,0.0,0.0
2020-11-26,17481.0,16199.0,14227.0,0.0,0.0,0.0,4802.0,0.0,23440.0,1121.0
2020-11-27,5114.0,6927.0,0.0,4323.0,0.0,0.0,0.0,9.0,13641.0,253.0
2020-11-28,9243.0,6272.0,5910.0,0.0,0.0,0.0,10029.0,0.0,27375.0,8110.0
2020-11-29,0.0,22378.0,0.0,10706.0,0.0,0.0,957.0,0.0,20712.0,8458.0
2020-11-30,13969.0,0.0,0.0,8968.0,0.0,0.0,0.0,0.0,0.0,0.0
2020-12-01,3722.0,0.0,4312.0,0.0,0.0,0.0,0.0,8.0,55725.0,4686.0
2020-12-02,10228.0,10889.0,0.0,411.0,0.0,539.0,13483.0,0.0,0.0,16702.0
2020-12-03,16292.0,17453.0,987.0,7894.0,0.0,0.0,929.0,0.0,2827.0,1639.0
2020-12-04,0.0,0.0,5962.0,10013.0,0.0,0.0,678.0,7.0,30004.0,0.0
2020-12-05,21827.0,25549.0,7785.0,1.0,0.0,424.0,11696.0,0.0,8750.0,13298.0
2020-12-06,6900.0,0.0,4253.0,3183.0,0.0,0.0,0.0,0.0,16631.0,4607.0
2020-12-07,18430.0,16641.0,0.0,0.0,0.0,0.0,0.0,6.0,16396.0,0.0
2020-12-08,0.0,0.0,3611.0,7606.0,0.0,0.0,0.0,0.0,44134.0,13775.0
2020-12-09,0.0,0.0,0.0,4953.0,0.0,0.0,15655.0,0.0,0.0,0.0
2020-12-10,20494.0,1848.0,8239.0,11314.0,0.0,0.0,0.0,0.0,18668.0,0.0
2020-12-11,0.0,18885.0,0.0,0.0,0.0,0.0,0.0,0.0,16093.0,18405.0
2020-12-12,27661.0,12763.0,0.0,3416.0,0.0,0.0,2484.0,0.0,0.0,4639.0
2020-12-13,10878.0,13603.0,0.0,0.0,0.0,0.0,0.0,10.0,51597.0,0.0
2020-12-14,4722.0,0.0,3853.0,0.0,0.0,0.0,3599.0,0.0,24535.0,1371.0
2020-12-15,0.0,12849.0,0.0,19259.0,0.0,0.0,2056.0,3.0,0.0,6063.0
2020-12-16,10938.0,10711.0,4954.0,0.0,0.0,0.0,7335.0,0.0,1996.0,0.0
2020-12-17,90.0,2437.0,0.0,3616.0,0.0,0.0,6557.0,0.0,56788.0,0.0
2020-12-18,33179.0,2589.0,14685.0,0.0,0.0,0.0,9927.0,6.0,26791.0,13624.0
2020-12-19,0.0,5051.0,0.0,7315.0,0.0,0.0,0.0,0.0,10430.0,0.0
2020-12-20,2296.0,8933.0,2921.0,8976.0,0.0,0.0,12316.0,9.0,0.0,16662.0
2020-12-21,9502.0,35333.0,0.0,0.0,0.0,0.0,4460.0,0.0,22670.0,0.0
2020-12-22,15322.0,0.0,0.0,10610.0,0.0,0.0,0.0,0.0,21812.0,14417.0
2020-12-23,2403.0,13325.0,0.0,862.0,0.0,0.0,6798.0,0.0,0.0,0.0
2020-12-24,8104.0,0.0,5747.0,9567.0,0.0,0.0,0.0,0.0,24281.0,10520.0
2020-12-25,27012.0,4284.0,0.0,2400.0,0.0,0.0,0.0,0.0,47560.0,0.0
2020-12-26,0.0,18802.0,9262.0,0.0,0.0,0.0,3170.0,7.0,0.0,5349.0
2020-12-27,4973.0,400.0,0.0,10114.0,0.0,0.0,1577.0,0.0,38916.0,0.0
2020-12-28,31778.0,20697.0,0.0,0.0,0.0,0.0,6055.0,0.0,0.0,13728.0
2020-12-29,0.0,0.0,25120.0,10196.0,0.0,0.0,3518.0,0.0,14900.0,9944.0
2020-12-30,0.0,13896.0,0.0,0.0,0.0,0.0,9518.0,1.0,24136.0,0.0
2020-12-31,11036.0,7446.0,0.0,12454.0,0.0,0.0,0.0,11.0,4126.0,0.0
2021-01-01,10437.0,16908.0,2363.0,0.0,0.0,0.0,13567.0,0.0,14929.0,1806.0
2021-01-02,2760.0,12573.0,0.0,1266.0,0.0,0.0,2337.0,0.0,42180.0,19837.0
2021-01-03,33437.0,0.0,6643.0,0.0,0.0,0.0,603.0,0.0,38510.0,0.0
2021-01-04,11577.0,19502.0,0.0,1995.0,0.0,0.0,0.0,5.0,0.0,0.0
2021-01-05,0.0,1590.0,0.0,4378.0,0.0,1487.0,11509.0,5.0,9328.0,5901.0
2021-01-06,319.0,19986.0,0.0,16555.0,0.0,0.0,0.0,0.0,21155.0,9454.0
2021-01-07,34004.0,718.0,17861.0,5029.0,0.0,0.0,0.0,0.0,0.0,14234.0
2021-01-08,3322.0,9684.0,6261.0,0.0,0.0,0.0,8725.0,5.0,58124.0,0.0
2021-01-09,0.0,0.0,0.0,0.0,0.0,0.0,10323.0,0.0,0.0,2443.0
2021-01-10,17049.0,25098.0,0.0,2951.0,0.0,0.0,0.0,0.0,13733.0,0.0
2021-01-11,4920.0,12644.0,0.0,4102.0,0.0,0.0,11265.0,0.0,34934.0,15661.0
2021-01-12,22087.0,7118.0,253.0,17007.0,0.0,0.0,0.0,11.0,0.0,2746.0
2021-01-13,0.0,0.0,0.0,2449.0,0.0,0.0,1123.0,0.0,15274.0,0.0
2021-01-14,26754.0,15483.0,16097.0,5674.0,0.0,0.0,9484.0,0.0,60070.0,1640.0
2021-01-15,0.0,0.0,8358.0,0.0,0.0,0.0,0.0,0.0,0.0,19862.0
2021-01-16,10816.0,27842.0,0.0,4861.0,0.0,0.0,2358.0,0.0,34062.0,0.0
2021-01-17,118.0,5631.0,0.0,15522.0,0.0,0.0,3247.0,0.0,0.0,0.0
2021-01-18,23367.0,0.0,1642.0,0.0,0.0,113.0,800.0,0.0,55953.0,0.0
2021-01-19,0.0,0.0,10593.0,7783.0,0.0,0.0,15825.0,11.0,0.0,4051.0
2021-01-20,16798.0,29627.0,0.0,0.0,0.0,0.0,0.0,0.0,0.0,10638.0
2021-01-21,8902.0,1153.0,0.0,10169.0,0.0,0.0,0.0,0.0,34177.0,5197.0
2021-01-22,13287.0,7559.0,0.0,0.0,0.0,0.0,6336.0,0.0,0.0,8520.0
2021-01-23,13622.0,21401.0,10767.0,74.0,0.0,541.0,8576.0,0.0,58374.0,20779.0
2021-01-24,8042.0,9429.0,0.0,7254.0,0.0,0.0,1396.0,6.0,200.0,0.0
2021-01-25,12002.0,0.0,6125.0,15129.0,0.0,0.0,6059.0,0.0,25372.0,8250.0
2021-01-26,0.0,3840.0,1491.0,2018.0,0.0,0.0,6162.0,4.0,29777.0,1223.0
2021-01-27,35820.0,19220.0,0.0,0.0,0.0,0.0,5288.0,0.0,0.0,10181.0
2021-01-28,8802.0,0.0,5947.0,11497.0,0.0,0.0,9364.0,0.0,13896.0,1975.0
2021-01-29,3522.0,6511.0,0.0,0.0,0.0,0.0,0.0,5.0,23597.0,8720.0
2021-01-30,16444.0,36282.0,1342.0,10655.0,0.0,0.0,6910.0,0.0,15150.0,0.0
2021-01-31,14038.0,1361.0,6014.0,2692.0,0.0,0.0,0.0,0.0,33060.0,12618.0
2021-02-01,7102.0,6562.0,0.0,10760.0,0.0,0.0,10923.0,0.0,20951.0,4522.0
2021-02-02,0.0,22446.0,0.0,0.0,0.0,0.0,0.0,13.0,45384.0,0.0
2021-02-03,9330.0,0.0,25020.0,2209.0,0.0,0.0,0.0,0.0,5413.0,14061.0
2021-02-04,29622.0,0.0,3032.0,536.0,0.0,0.0,9845.0,0.0,17886.0,0.0
2021-02-05,2609.0,8863.0,0.0,13083.0,0.0,0.0,3793.0,0.0,0.0,11639.0
2021-02-06,0.0,18241.0,4510.0,10397.0,0.0,0.0,8226.0,0.0,30757.0,0.0
2021-02-07,22524.0,17521.0,9264.0,0.0,0.0,0.0,3041.0,10.0,39244.0,773.0
2021-02-08,13121.0,15386.0,0.0,0.0,0.0,0.0,3380.0,0.0,48169.0,18859.0
2021-02-09,15539.0,0.0,1406.0,8652.0,0.0,229.0,0.0,8.0,0.0,0.0
2021-02-10,3117.0,4035.0,0.0,5410.0,0.0,0.0,10851.0,0.0,19327.0,10985.0
2021-02-11,23299.0,16750.0,0.0,13351.0,0.0,436.0,7446.0,0.0,24293.0,0.0
2021-02-12,0.0,20745.0,0.0,2129.0,0.0,0.0,0.0,0.0,32060.0,4396.0
2021-02-13,5275.0,11897.0,0.0,1830.0,0.0,0.0,7731.0,0.0,12623.0,17587.0
2021-02-14,3499.0,8810.0,11259.0,6840.0,0.0,0.0,1956.0,2.0,4615.0,7272.0
2021-02-15,16408.0,11663.0,0.0,4809.0,0.0,0.0,0.0,6.0,33113.0,6026.0
2021-02-16,14241.0,15698.0,2612.0,1400.0,0.0,0.0,11979.0,0.0,33118.0,0.0
2021-02-17,10870.0,2062.0,13480.0,14456.0,0.0,596.0,1115.0,0.0,27115.0,3178.0
2021-02-18,29443.0,17165.0,5753.0,0.0,0.0,0.0,0.0,0.0,1543.0,221.0
2021-02-19,3733.0,8407.0,0.0,921.0,0.0,0.0,7693.0,0.0,34952.0,11870.0
2021-02-20,16143.0,11905.0,10755.0,12631.0,0.0,0.0,0.0,0.0,0.0,2907.0
2021-02-21,10407.0,9557.0,0.0,1218.0,0.0,0.0,4588.0,9.0,33541.0,18231.0
2021-02-22,10728.0,0.0,0.0,8091.0,0.0,0.0,10427.0,0.0,20071.0,0.0
2021-02-23,13590.0,6971.0,0.0,0.0,0.0,0.0,8050.0,8.0,30308.0,5598.0
2021-02-24,0.0,26475.0,21029.0,9241.0,0.0,0.0,1774.0,0.0,54413.0,0.0
2021-02-25,22938.0,8290.0,0.0,9773.0,0.0,0.0,4048.0,0.0,4649.0,950.0
2021-02-26,8377.0,9311.0,0.0,6823.0,0.0,0.0,9219.0,4.0,0.0,22258.0
2021-02-27,0.0,3155.0,1245.0,4429.0,0.0,0.0,0.0,0.0,52438.0,0.0
2021-02-28,32754.0,15078.0,0.0,2869.0,0.0,0.0,3579.0,0.0,0.0,3960.0
2021-03-01,6159.0,4907.0,6134.0,10508.0,0.0,198.0,1843.0,7.0,3834.0,0.0
2021-03-02,21981.0,16789.0,0.0,2331.0,0.0,0.0,18446.0,0.0,58130.0,11869.0
2021-03-03,0.0,8130.0,0.0,10593.0,0.0,0.0,0.0,0.0,32229.0,8451.0
2021-03-04,1307.0,25307.0,23717.0,0.0,0.0,0.0,10535.0,5.0,24373.0,6074.0
2021-03-05,17927.0,14925.0,0.0,8649.0,0.0,0.0,0.0,7.0,0.0,10305.0
2021-03-06,29879.0,0.0,0.0,0.0,0.0,0.0,5976.0,0.0,7637.0,3886.0
2021-03-07,0.0,0.0,8887.0,9340.0,0.0,0.0,0.0,0.0,43466.0,10890.0
2021-03-08,2004.0,19915.0,0.0,6474.0,0.0,0.0,5633.0,3.0,0.0,8354.0
2021-03-09,29994.0,25515.0,0.0,6642.0,0.0,0.0,0.0,0.0,20713.0,506.0
2021-03-10,2505.0,0.0,13027.0,0.0,0.0,1329.0,12141.0,0.0,52023.0,0.0
2021-03-11,2382.0,22471.0,7503.0,0.0,0.0,0.0,8041.0,8.0,48460.0,21502.0
2021-03-12,32297.0,1919.0,0.0,8302.0,0.0,0.0,0.0,3.0,3775.0,5922.0
2021-03-13,17687.0,0.0,0.0,3690.0,0.0,0.0,796.0,0.0,44381.0,0.0
2021-03-14,0.0,5706.0,0.0,9634.0,0.0,0.0,9389.0,0.0,0.0,5485.0
2021-03-15,24966.0,21487.0,0.0,17489.0,0.0,0.0,1338.0,0.0,25808.0,0.0
2021-03-16,3674.0,23953.0,0.0,0.0,0.0,0.0,5659.0,7.0,17396.0,20686.0
2021-03-17,8167.0,0.0,5880.0,9654.0,0.0,0.0,1720.0,0.0,14834.0,5216.0
2021-03-18,3683.0,23515.0,11203.0,7123.0,0.0,0.0,20576.0,0.0,41143.0,8915.0
2021-03-19,30139.0,0.0,0.0,508.0,0.0,0.0,1432.0,0.0,32294.0,6358.0
2021-03-20,11088.0,1192.0,0.0,5281.0,0.0,0.0,0.0,0.0,0.0,8614.0
2021-03-21,13473.0,30659.0,10873.0,11523.0,0.0,0.0,9122.0,0.0,44291.0,0.0
2021-03-22,5453.0,7391.0,8186.0,0.0,0.0,0.0,0.0,0.0,10487.0,0.0
2021-03-23,26416.0,25096.0,0.0,1286.0,0.0,0.0,0.0,14.0,55159.0,14027.0
2021-03-24,14821.0,4787.0,8214.0,7345.0,0.0,0.0,16487.0,0.0,9488.0,0.0
2021-03-25,7835.0,497.0,12599.0,2940.0,0.0,0.0,0.0,5.0,0.0,6897.0
2021-03-26,6526.0,28059.0,7846.0,17135.0,0.0,0.0,13639.0,0.0,25264.0,1057.0
2021-03-27,15805.0,6494.0,0.0,0.0,0.0,0.0,0.0,0.0,20821.0,17040.0
2021-03-28,21693.0,15525.0,0.0,12013.0,0.0,0.0,0.0,6.0,68071.0,9558.0
2021-03-29,13088.0,0.0,0.0,0.0,0.0,0.0,8944.0,0.0,27326.0,10311.0
2021-03-30,0.0,6672.0,0.0,8206.0,0.0,0.0,11623.0,0.0,23500.0,11790.0
2021-03-31,3781.0,15118.0,6939.0,11486.0,0.0,0.0,2702.0,0.0,24828.0,7572.0
2021-04-01,32934.0,3599.0,0.0,0.0,0.0,0.0,0.0,3.0,0.0,349.0
2021-04-02,13334.0,20667.0,11346.0,0.0,0.0,0.0,2820.0,7.0,19730.0,0.0
2021-04-03,0.0,15762.0,0.0,9790.0,0.0,0.0,17960.0,0.0,36544.0,14934.0
2021-04-04,28134.0,15434.0,0.0,0.0,0.0,825.0,0.0,0.0,0.0,895.0
2021-04-05,0.0,0.0,21076.0,14115.0,0.0,0.0,10015.0,0.0,61370.0,6340.0
2021-04-06,29554.0,17237.0,0.0,4074.0,0.0,0.0,5086.0,2.0,2905.0,11956.0
2021-04-07,9380.0,4313.0,0.0,2601.0,0.0,0.0,0.0,0.0,26730.0,11303.0
2021-04-08,0.0,23882.0,0.0,18169.0,0.0,231.0,1974.0,0.0,42704.0,0.0
2021-04-09,23273.0,1519.0,0.0,0.0,0.0,0.0,878.0,0.0,0.0,6532.0
2021-04-10,0.0,32622.0,17104.0,9610.0,0.0,0.0,7267.0,12.0,43747.0,6841.0
2021-04-11,20356.0,0.0,0.0,8525.0,0.0,0.0,17536.0,0.0,24719.0,0.0
2021-04-12,20172.0,27749.0,9889.0,0.0,0.0,0.0,0.0,0.0,23988.0,3166.0
2021-04-13,8141.0,0.0,0.0,2655.0,0.0,0.0,0.0,3.0,0.0,11253.0
2021-04-14,15316.0,0.0,9704.0,15490.0,0.0,0.0,0.0,0.0,29966.0,24272.0
2021-04-15,11019.0,26730.0,5118.0,0.0,0.0,0.0,18345.0,0.0,47784.0,0.0
2021-04-16,20516.0,18606.0,1969295.0,2746.0,0.0,0.0,3427.0,0.0,21472.0,0.0
2021-04-17,12970.0,3158.0,23968.0,9699.0,0.0,0.0,0.0,0.0,39503.0,13123.0
2021-04-18,20658.0,13837.0,9853.0,8580.0,0.0,0.0,13099.0,0.0,26061.0,15770.0
2021-04-19,8340.0,2783.0,0.0,5766.0,0.0,0.0,0.0,0.0,19876.0,0.0
2021-04-20,6346.0,10358.0,35944.0,844.0,0.0,0.0,6206.0,9.0,11018.0,10384.0
2021-04-21,10386.0,12330.0,0.0,5454.0,0.0,0.0,9141.0,5.0,36704.0,0.0
2021-04-22,13910.0,38726.0,0.0,6579.0,0.0,0.0,9020.0,0.0,7214.0,723.0
2021-04-23,28179.0,0.0,20442.0,2193.0,0.0,0.0,0.0,0.0,70268.0,17562.0
2021-04-24,3714.0,8141.0,34638.0,15572.0,0.0,0.0,0.0,0.0,29646.0,9682.0
2021-04-25,28779.0,5930.0,0.0,0.0,0.0,0.0,12864.0,12.0,0.0,0.0
2021-04-26,0.0,13216.0,30067.0,14674.0,0.0,0.0,0.0,0.0,33605.0,16908.0
2021-04-27,10231.0,16979.0,0.0,0.0,0.0,0.0,2185.0,0.0,12144.0,0.0
2021-04-28,13178.0,29779.0,206.0,13039.0,0.0,0.0,7856.0,0.0,59142.0,351.0
2021-04-29,3716.0,87.0,16274.0,7159.0,0.0,0.0,15052.0,0.0,0.0,3791.0
2021-04-30,41313.0,3297.0,9296.0,5351.0,0.0,0.0,0.0,0.0,12800.0,27044.0
2021-05-01,9287.0,27944.0,37646.0,7412.0,0.0,0.0,10220.0,0.0,21923.0,0.0
2021-05-02,0.0,21514.0,8100.0,6327.0,0.0,0.0,4463.0,0.0,34459.0,15711.0
2021-05-03,26741.0,0.0,29006.0,0.0,0.0,0.0,0.0,0.0,65016.0,8878.0
2021-05-04,6394.0,15541.0,2091.0,1988.0,0.0,0.0,11433.0,13.0,797.0,0.0
2021-05-05,20923.0,643.0,9296.0,12480.0,0.0,1697.0,0.0,7.0,52045.0,14186.0
2021-05-06,1512.0,20548.0,19432.0,9004.0,1898.0,0.0,10287.0,5.0,14735.0,0.0
2021-05-07,8408.0,18901.0,272.0,2632.0,5611.0,0.0,8172.0,0.0,40204.0,10520.0
2021-05-08,32696.0,17070.0,38884.0,13941.0,5481.0,0.0,6273.0,0.0,0.0,2996.0
2021-05-09,22893.0,11804.0,16984.0,2346.0,5024.0,0.0,8146.0,0.0,24582.0,0.0
2021-05-10,12923.0,8204.0,0.0,15049.0,3918.0,0.0,0.0,0.0,29152.0,10745.0
2021-05-11,3831.0,35.0,14752.0,6300.0,623.0,0.0,1530.0,0.0,28994.0,1334.0
2021-05-12,13358.0,12539.0,28048.0,2390.0,2131.0,0.0,16219.0,11.0,53389.0,4549.0
2021-05-13,2977.0,28554.0,13067.0,12493.0,13908.0,0.0,1766.0,0.0,0.0,11107.0
2021-05-14,27171.0,4325.0,7506.0,6954.0,0.0,0.0,0.0,0.0,14560.0,11958.0
2021-05-15,10465.0,20030.0,5848.0,0.0,788.0,0.0,13963.0,0.0,63476.0,21946.0
2021-05-16,23899.0,8390.0,31526.0,12929.0,2663.0,0.0,7307.0,0.0,0.0,0.0
2021-05-17,23863.0,32881.0,0.0,128.0,13927.0,0.0,0.0,0.0,34653.0,4198.0
2021-05-18,0.0,9886.0,21467.0,11372.0,0.0,0.0,7163.0,7.0,15059.0,0.0
2021-05-19,3834.0,13516.0,14778.0,9070.0,9081.0,0.0,0.0,0.0,23013.0,17087.0
2021-05-20,35808.0,9164.0,21461.0,3279.0,3957.0,0.0,14764.0,0.0,52775.0,8666.0
2021-05-21,16318.0,8413.0,0.0,0.0,7226.0,0.0,0.0,5.0,17675.0,7419.0
2021-05-22,0.0,22565.0,25161.0,16347.0,0.0,0.0,7795.0,9.0,22065.0,12779.0
2021-05-23,16366.0,7297.0,12963.0,0.0,8088.0,0.0,3243.0,0.0,60311.0,10028.0
2021-05-24,6036.0,3423.0,13354.0,1850.0,9681.0,0.0,2852.0,0.0,0.0,0.0
2021-05-25,36270.0,16127.0,19397.0,13039.0,2342.0,0.0,16869.0,0.0,37328.0,13656.0
2021-05-26,0.0,33174.0,13968.0,8895.0,6775.0,0.0,4116.0,0.0,26777.0,0.0
2021-05-27,31113.0,5838.0,22830.0,794.0,10383.0,0.0,0.0,0.0,22555.0,20103.0
2021-05-28,3649.0,9153.0,19575.0,6273.0,6905.0,0.0,14067.0,0.0,40264.0,2911.0
2021-05-29,8030.0,52.0,3831.0,1667.0,1819.0,0.0,6327.0,10.0,3793.0,12040.0
2021-05-30,21413.0,13434.0,12505.0,18214.0,9352.0,0.0,3655.0,0.0,60276.0,4094.0
2021-05-31,12307.0,15380.0,21388.0,0.0,6026.0,0.0,9559.0,0.0,50911.0,3030.0
2021-06-01,22364.0,34734.0,1353.0,17360.0,1622.0,0.0,0.0,9.0,13950.0,10842.0
2021-06-02,10010.0,6934.0,28095.0,6335.0,8265.0,0.0,11400.0,0.0,31306.0,0.0
2021-06-03,17675.0,6341.0,0.0,4003.0,10634.0,0.0,0.0,0.0,19685.0,2244.0
2021-06-04,14568.0,17388.0,37346.0,0.0,2160.0,0.0,4019.0,0.0,53732.0,28509.0
2021-06-05,6823.0,27245.0,13505.0,1886.0,8850.0,0.0,15370.0,0.0,25477.0,6797.0
2021-06-06,16291.0,0.0,8156.0,14012.0,3651.0,0.0,301.0,0.0,19869.0,0.0
2021-06-07,23880.0,14647.0,12788.0,0.0,6290.0,0.0,0.0,8.0,11804.0,445.0
2021-06-08,6494.0,11179.0,32806.0,18335.0,5606.0,0.0,1386.0,0.0,32584.0,1142.0
2021-06-09,23847.0,8011.0,14095.0,9601.0,3829.0,0.0,7857.0,0.0,56259.0,9862.0
2021-06-10,16459.0,28686.0,0.0,0.0,16609.0,0.0,5738.0,8.0,0.0,23998.0
2021-06-11,9347.0,0.0,24388.0,6472.0,2650.0,0.0,13004.0,0.0,25058.0,8180.0
2021-06-12,16025.0,38553.0,9857.0,16968.0,687.0,0.0,10035.0,0.0,33307.0,10920.0
2021-06-13,18289.0,5195.0,0.0,6289.0,17248.0,0.0,4988.0,0.0,29186.0,0.0
2021-06-14,23365.0,3539.0,45704.0,3971.0,0.0,0.0,0.0,4.0,11072.0,3857.0
2021-06-15,2192.0,10228.0,0.0,1811.0,6186.0,0.0,13527.0,0.0,70222.0,15964.0
2021-06-16,25475.0,32651.0,16395.0,8048.0,5118.0,0.0,0.0,0.0,14681.0,3626.0
2021-06-17,19924.0,0.0,32450.0,0.0,6754.0,0.0,7306.0,4.0,14252.0,7444.0
2021-06-18,3056.0,18068.0,0.0,19767.0,9330.0,0.0,6289.0,0.0,46743.0,8804.0
2021-06-19,23651.0,13356.0,28674.0,4034.0,7884.0,0.0,1359.0,0.0,28231.0,15760.0
2021-06-20,14474.0,15713.0,19684.0,371.0,13157.0,0.0,8317.0,0.0,32819.0,8543.0
2021-06-21,27143.0,27814.0,0.0,18975.0,5244.0,0.0,5738.0,4.0,13726.0,8484.0
2021-06-22,18419.0,0.0,1728.0,606.0,6740.0,0.0,12955.0,9.0,41309.0,12806.0
2021-06-23,0.0,26511.0,38149.0,3238.0,5564.0,653.0,2221.0,0.0,29695.0,0.0
2021-06-24,32642.0,14853.0,678.0,14733.0,13442.0,0.0,2385.0,2.0,23169.0,6024.0
2021-06-25,0.0,1392.0,38399.0,6264.0,9485.0,0.0,17060.0,2.0,19096.0,6040.0
2021-06-26,7672.0,26484.0,11344.0,0.0,0.0,0.0,0.0,7.0,76897.0,8857.0
2021-06-27,27075.0,14919.0,0.0,8097.0,12673.0,0.0,5155.0,0.0,0.0,18094.0
2021-06-28,6375.0,3479.0,25859.0,18503.0,8878.0,0.0,7911.0,0.0,58029.0,0.0
2021-06-29,34602.0,4779.0,27580.0,840.0,0.0,0.0,10877.0,0.0,37092.0,6198.0
2021-06-30,2313.0,20845.0,0.0,9026.0,16235.0,0.0,3428.0,0.0,0.0,20278.0
2021-07-01,36262.0,22808.0,33778.0,8476.0,7381.0,0.0,10380.0,0.0,25307.0,5109.0
2021-07-02,922.0,9622.0,10430.0,0.0,9988.0,0.0,992.0,5.0,15641.0,7468.0
2021-07-03,16302.0,14356.0,18538.0,8953.0,853.0,0.0,1983.0,0.0,48724.0,2930.0
2021-07-04,21867.0,3084.0,13957.0,18168.0,13927.0,635.0,13593.0,9.0,58729.0,1068.0
2021-07-05,5724.0,40506.0,16296.0,0.0,3997.0,0.0,13772.0,0.0,39197.0,5260.0
2021-07-06,17921.0,13747.0,25362.0,7859.0,3669.0,1793.0,0.0,5.0,25044.0,18842.0
2021-07-07,28653.0,0.0,3870.0,0.0,10121.0,0.0,0.0,0.0,33946.0,0.0
2021-07-08,18078.0,32461.0,1736.0,18530.0,15067.0,0.0,5885.0,0.0,21551.0,24314.0
2021-07-09,22136.0,0.0,40173.0,2381.0,0.0,0.0,7617.0,0.0,23271.0,0.0
2021-07-10,465.0,31941.0,8583.0,5246.0,11341.0,0.0,4160.0,0.0,35421.0,16962.0
2021-07-11,23898.0,0.0,14244.0,6265.0,6228.0,0.0,14382.0,0.0,395.0,7194.0
2021-07-12,22334.0,5368.0,11622.0,10905.0,8328.0,0.0,13683.0,7.0,68445.0,0.0
2021-07-13,0.0,18158.0,13765.0,15132.0,7585.0,0.0,1728.0,2.0,0.0,19276.0
2021-07-14,14081.0,7831.0,18794.0,2352.0,18042.0,0.0,12243.0,7.0,50234.0,0.0
2021-07-15,14690.0,21670.0,34434.0,906.0,2615.0,175.0,3943.0,0.0,39765.0,0.0
2021-07-16,28758.0,23335.0,0.0,12836.0,7047.0,0.0,0.0,6.0,0.0,17294.0
2021-07-17,1787.0,5304.0,14224.0,2586.0,16476.0,0.0,9908.0,0.0,69283.0,19266.0
2021-07-18,39166.0,10859.0,38370.0,16731.0,9079.0,0.0,52.0,0.0,19798.0,0.0
2021-07-19,5675.0,19772.0,15341.0,6636.0,5556.0,0.0,18956.0,0.0,34707.0,9661.0
2021-07-20,20620.0,19754.0,22137.0,0.0,9753.0,0.0,0.0,9.0,0.0,5977.0
2021-07-21,24794.0,33430.0,10797.0,7518.0,1348.0,370.0,12422.0,3.0,67068.0,16720.0
2021-07-22,10800.0,10177.0,22653.0,12924.0,10366.0,0.0,0.0,0.0,15546.0,167.0
2021-07-23,3616.0,1162.0,0.0,14907.0,7890.0,0.0,3131.0,0.0,48831.0,16346.0
2021-07-24,24004.0,10896.0,6736.0,2970.0,8543.0,0.0,4414.0,0.0,2350.0,0.0
2021-07-25,5114.0,22569.0,44690.0,3741.0,11464.0,194.0,19252.0,0.0,63144.0,11808.0
2021-07-26,30457.0,22965.0,0.0,15893.0,5288.0,0.0,4169.0,0.0,20501.0,2810.0
2021-07-27,20406.0,9922.0,14872.0,6873.0,16986.0,0.0,6413.0,10.0,49023.0,17731.0
2021-07-28,19130.0,31696.0,25081.0,0.0,7596.0,0.0,0.0,4.0,24162.0,0.0
2021-07-29,9312.0,12327.0,7881.0,7283.0,8623.0,0.0,8035.0,2.0,25192.0,13750.0
2021-07-30,33116.0,10822.0,32738.0,2397.0,9066.0,0.0,4563.0,0.0,51316.0,14214.0
2021-07-31,7111.0,23609.0,5679.0,13214.0,8668.0,0.0,2971.0,1.0,24537.0,15700.0
2021-08-01,9426.0,2955.0,8840.0,5290.0,9957.0,0.0,11701.0,0.0,19773.0,0.0
2021-08-02,20940.0,22746.0,29553.0,18452.0,4881.0,0.0,40.0,0.0,40811.0,7415.0
2021-08-03,7005.0,11416.0,1907.0,7267.0,7654.0,0.0,24158.0,8.0,18561.0,485.0
2021-08-04,18514.0,17177.0,28808.0,4376.0,10824.0,0.0,5270.0,0.0,71469.0,22575.0
2021-08-05,36119.0,15637.0,10459.0,9303.0,12858.0,0.0,5671.0,0.0,1085.0,2137.0
2021-08-06,3891.0,2362.0,33784.0,10318.0,9195.0,0.0,0.0,0.0,12943.0,0.0
2021-08-07,36930.0,9409.0,28581.0,0.0,11674.0,0.0,12238.0,0.0,71196.0,23529.0
2021-08-08,6331.0,23504.0,0.0,17031.0,9687.0,0.0,2332.0,5.0,5515.0,6198.0
2021-08-09,18370.0,34099.0,14350.0,1771.0,7073.0,0.0,5106.0,1.0,47810.0,16722.0
2021-08-10,11783.0,18417.0,33737.0,7034.0,16716.0,507.0,10180.0,0.0,6579.0,0.0
2021-08-11,21673.0,0.0,8262.0,0.0,3349.0,0.0,2832.0,7.0,32755.0,17284.0
2021-08-12,3307.0,6042.0,28075.0,10198.0,5785.0,0.0,1832.0,0.0,57269.0,1501.0
2021-08-13,27485.0,15480.0,0.0,20712.0,18113.0,0.0,13189.0,0.0,56405.0,6480.0
2021-08-14,21858.0,35268.0,29854.0,988.0,8161.0,0.0,6371.0,0.0,15980.0,18654.0
2021-08-15,18008.0,1536.0,16879.0,13795.0,10670.0,0.0,2948.0,0.0,47041.0,926.0
2021-08-16,25613.0,22637.0,3762.0,0.0,10456.0,0.0,20592.0,6.0,10801.0,0.0
2021-08-17,19555.0,3599.0,45739.0,8183.0,11057.0,0.0,8489.0,0.0,61280.0,27062.0
2021-08-18,21850.0,41754.0,0.0,9685.0,5568.0,0.0,4867.0,0.0,28702.0,11696.0
2021-08-19,0.0,0.0,24998.0,1451.0,18001.0,0.0,0.0,0.0,14759.0,2697.0
2021-08-20,35054.0,31676.0,4649.0,9445.0,9293.0,0.0,14071.0,0.0,59673.0,6938.0
2021-08-21,0.0,9023.0,21390.0,6855.0,0.0,0.0,0.0,8.0,2637.0,0.0
2021-08-22,20416.0,23501.0,18858.0,11293.0,14224.0,0.0,13072.0,0.0,49343.0,8604.0
2021-08-23,12669.0,4644.0,16886.0,17956.0,13949.0,0.0,564.0,0.0,58264.0,5897.0
2021-08-24,22658.0,21873.0,15927.0,1702.0,6513.0,0.0,12676.0,0.0,0.0,28754.0
2021-08-25,27142.0,12072.0,44658.0,4130.0,8324.0,0.0,0.0,16.0,34103.0,1052.0
2021-08-26,19350.0,17501.0,0.0,3756.0,7050.0,0.0,5474.0,0.0,58987.0,0.0
2021-08-27,82.0,11789.0,4519.0,22211.0,18944.0,0.0,6220.0,2.0,31791.0,18268.0
2021-08-28,41009.0,13803.0,31851.0,0.0,11924.0,0.0,5051.0,0.0,17306.0,19945.0
2021-08-29,19438.0,20917.0,8394.0,7797.0,9333.0,408.0,19393.0,0.0,49408.0,4239.0
2021-08-30,6935.0,30520.0,39229.0,2429.0,3544.0,0.0,8368.0,7.0,48029.0,0.0
2021-08-31,3311.0,9972.0,21267.0,9969.0,11988.0,0.0,6152.0,0.0,13805.0,7083.0
2021-09-01,29405.0,8941.0,0.0,21107.0,8030.0,0.0,656.0,0.0,13006.0,16454.0
2021-09-02,22150.0,16002.0,20499.0,1904.0,15205.0,0.0,9390.0,0.0,85221.0,3713.0
2021-09-03,23655.0,23435.0,41984.0,10144.0,12192.0,0.0,0.0,0.0,0.0,12051.0
2021-09-04,16973.0,1323.0,969.0,8339.0,5396.0,0.0,15136.0,0.0,26169.0,18675.0
2021-09-05,0.0,12750.0,27420.0,864.0,17465.0,0.0,9991.0,0.0,40985.0,8504.0
2021-09-06,33575.0,36114.0,15105.0,3833.0,13580.0,0.0,0.0,0.0,65293.0,3293.0
2021-09-07,11995.0,4508.0,19336.0,9586.0,5872.0,0.0,1386.0,1.0,30760.0,6089.0
2021-09-08,17081.0,12304.0,12061.0,22660.0,11420.0,0.0,15943.0,20.0,16991.0,8168.0
2021-09-09,17212.0,40218.0,35697.0,55.0,13744.0,0.0,15104.0,0.0,23614.0,11498.0
2021-09-10,37043.0,5304.0,909.0,4262.0,8389.0,0.0,0.0,4.0,26291.0,16086.0
2021-09-11,20541.0,15753.0,6962.0,19074.0,4649.0,0.0,13008.0,0.0,63192.0,0.0
2021-09-12,18487.0,27558.0,50134.0,5402.0,14334.0,303.0,0.0,0.0,30818.0,18722.0
2021-09-13,11626.0,0.0,101.0,9711.0,16700.0,0.0,10604.0,0.0,36927.0,10278.0
2021-09-14,0.0,17912.0,15020.0,12766.0,4076.0,0.0,4447.0,3.0,65513.0,0.0
2021-09-15,32846.0,36272.0,19189.0,3636.0,12325.0,0.0,12900.0,0.0,34747.0,11966.0
2021-09-16,2955.0,0.0,26373.0,7811.0,13586.0,0.0,1840.0,0.0,17335.0,21377.0
2021-09-17,46053.0,10675.0,10949.0,12679.0,4452.0,0.0,2324.0,0.0,18792.0,1449.0
2021-09-18,5705.0,18397.0,19879.0,0.0,9446.0,0.0,5134.0,10.0,22598.0,17401.0
2021-09-19,15401.0,20661.0,21702.0,10408.0,13455.0,0.0,18082.0,3.0,34033.0,0.0
2021-09-20,33152.0,30982.0,16838.0,6972.0,8356.0,0.0,12463.0,0.0,77672.0,5751.0
2021-09-21,19008.0,3353.0,35874.0,1892.0,9296.0,1050.0,0.0,0.0,23376.0,19445.0
2021-09-22,11574.0,32063.0,20347.0,23416.0,14544.0,0.0,0.0,0.0,24915.0,0.0
2021-09-23,28211.0,5377.0,11516.0,0.0,11729.0,147.0,11115.0,0.0,46960.0,17801.0
2021-09-24,20064.0,10121.0,14088.0,6797.0,13000.0,750.0,10967.0,0.0,22390.0,13282.0
2021-09-25,0.0,39704.0,18754.0,10383.0,13545.0,0.0,951.0,12.0,30743.0,15144.0
2021-09-26,35948.0,7552.0,32447.0,6461.0,10052.0,0.0,17993.0,0.0,36005.0,5198.0
2021-09-27,9687.0,2147.0,18027.0,14493.0,8461.0,0.0,2924.0,0.0,32876.0,1359.0
2021-09-28,31523.0,23907.0,3049.0,14133.0,9851.0,0.0,9674.0,6.0,71689.0,6582.0
2021-09-29,10698.0,33703.0,27486.0,0.0,8903.0,0.0,7895.0,0.0,11123.0,7787.0
2021-09-30,4420.0,1049.0,37469.0,4364.0,18771.0,0.0,0.0,0.0,50238.0,5707.0
2021-10-01,38492.0,31082.0,2143.0,7525.0,11144.0,0.0,7232.0,0.0,32563.0,9256.0
2021-10-02,20107.0,13666.0,23864.0,21397.0,11089.0,0.0,21402.0,0.0,25069.0,23507.0
2021-10-03,6411.0,13197.0,22658.0,234.0,5733.0,0.0,7021.0,11.0,52647.0,8595.0
2021-10-04,25712.0,13912.0,0.0,4792.0,16709.0,0.0,0.0,0.0,48614.0,5040.0
2021-10-05,27863.0,7917.0,22905.0,9631.0,10743.0,0.0,7986.0,0.0,53675.0,20130.0
2021-10-06,20767.0,37215.0,44927.0,13635.0,5436.0,0.0,2968.0,0.0,19487.0,0.0
2021-10-07,1951.0,19450.0,11144.0,6408.0,17652.0,0.0,9839.0,6.0,12388.0,10298.0
2021-10-08,32027.0,0.0,12974.0,16619.0,4225.0,0.0,5671.0,0.0,25515.0,14200.0
2021-10-09,18848.0,21100.0,29152.0,9009.0,20883.0,0.0,8563.0,0.0,52124.0,15180.0
2021-10-10,882.0,18165.0,25730.0,0.0,10491.0,0.0,3804.0,0.0,40925.0,0.0
2021-10-11,43570.0,36834.0,0.0,18793.0,4197.0,0.0,9818.0,11.0,69432.0,11345.0
2021-10-12,10035.0,8726.0,14591.0,0.0,12486.0,0.0,5631.0,0.0,0.0,3481.0
2021-10-13,15153.0,0.0,46308.0,4071.0,5985.0,0.0,14245.0,0.0,52123.0,10873.0
2021-10-14,34992.0,23230.0,4762.0,8293.0,18571.0,0.0,14292.0,2.0,43415.0,21742.0
2021-10-15,2499.0,12241.0,14805.0,14901.0,15349.0,0.0,1234.0,0.0,17661.0,8356.0
2021-10-16,30616.0,17174.0,41627.0,9926.0,6443.0,0.0,874.0,0.0,67657.0,14364.0
2021-10-17,3076.0,45341.0,0.0,12012.0,5522.0,0.0,14292.0,0.0,0.0,15892.0
2021-10-18,42846.0,8509.0,41355.0,1053.0,16051.0,0.0,10906.0,11.0,81992.0,4148.0
2021-10-19,0.0,20136.0,8006.0,9912.0,10022.0,0.0,4965.0,0.0,0.0,5962.0
2021-10-20,19552.0,13265.0,7891.0,11106.0,12028.0,54.0,0.0,0.0,74174.0,0.0
2021-10-21,26392.0,20779.0,37959.0,2113.0,11999.0,0.0,23079.0,0.0,4504.0,29558.0
2021-10-22,6608.0,11575.0,3477.0,18798.0,5620.0,0.0,3809.0,2.0,45629.0,0.0
2021-10-23,26869.0,11639.0,24075.0,1425.0,19193.0,0.0,0.0,0.0,44857.0,13703.0
2021-10-24,19908.0,17163.0,32260.0,21324.0,5578.0,0.0,13594.0,1.0,30871.0,0.0
2021-10-25,16969.0,28238.0,10743.0,6569.0,21248.0,0.0,13885.0,0.0,48046.0,3923.0
2021-10-26,45328.0,20027.0,36610.0,10361.0,11807.0,0.0,0.0,0.0,57967.0,31069.0
2021-10-27,16870.0,27703.0,0.0,8164.0,0.0,1644.0,15695.0,13.0,22231.0,6396.0
2021-10-28,19175.0,0.0,20836.0,0.0,15986.0,0.0,2787.0,0.0,26670.0,10475.0
2021-10-29,0.0,38159.0,42678.0,16232.0,5847.0,0.0,6302.0,7.0,21446.0,4320.0
2021-10-30,29261.0,0.0,0.0,4180.0,20025.0,0.0,14810.0,0.0,38748.0,14421.0
2021-10-31,8678.0,12074.0,26868.0,3481.0,6420.0,0.0,5916.0,0.0,55805.0,0.0
2021-11-01,44936.0,30845.0,16158.0,25115.0,12599.0,0.0,0.0,0.0,24844.0,8466.0
2021-11-02,12088.0,30855.0,42803.0,706.0,7192.0,0.0,929.0,0.0,49371.0,30597.0
2021-11-03,20407.0,0.0,0.0,1405.0,13759.0,0.0,22401.0,0.0,34089.0,0.0
2021-11-04,8136.0,30244.0,30957.0,15428.0,12344.0,0.0,9493.0,6.0,35482.0,7209.0
2021-11-05,33860.0,6806.0,26133.0,6544.0,11267.0,0.0,6113.0,7.0,83305.0,8330.0
2021-11-06,12279.0,21517.0,0.0,20733.0,7748.0,0.0,0.0,0.0,0.0,19641.0
2021-11-07,12442.0,26211.0,38190.0,5835.0,10460.0,0.0,5622.0,0.0,79227.0,12036.0
2021-11-08,34224.0,20136.0,13235.0,7438.0,13077.0,0.0,20838.0,0.0,0.0,0.0
2021-11-09,11321.0,4719.0,18056.0,0.0,14676.0,0.0,0.0,0.0,60713.0,25044.0
2021-11-10,34444.0,26198.0,35800.0,12155.0,11722.0,135.0,1350.0,3.0,58580.0,221.0
2021-11-11,20387.0,22859.0,28740.0,18659.0,15829.0,0.0,10346.0,0.0,25027.0,21976.0
2021-11-12,1793.0,14239.0,14411.0,3555.0,10963.0,306.0,11285.0,0.0,43646.0,0.0
2021-11-13,35253.0,8749.0,8929.0,3806.0,10453.0,0.0,15008.0,14.0,46992.0,21438.0
2021-11-14,20250.0,32195.0,34763.0,22915.0,13826.0,0.0,6972.0,0.0,5084.0,2895.0
2021-11-15,28874.0,8895.0,25054.0,479.0,2653.0,0.0,0.0,0.0,32740.0,13705.0
2021-11-16,25371.0,33313.0,17284.0,15439.0,17131.0,0.0,3064.0,2.0,39631.0,0.0
2021-11-17,17041.0,20073.0,25122.0,0.0,3664.0,0.0,14045.0,0.0,60350.0,9035.0
2021-11-18,0.0,4532.0,0.0,13661.0,19464.0,466.0,6831.0,5.0,70443.0,6517.0
2021-11-19,27817.0,10129.0,21664.0,1074.0,4748.0,0.0,12271.0,0.0,0.0,18307.0
2021-11-20,15623.0,22819.0,15711.0,13779.0,19932.0,0.0,8836.0,0.0,43812.0,8183.0
2021-11-21,16389.0,19645.0,40142.0,20036.0,2125.0,0.0,1306.0,8.0,67579.0,14532.0
2021-11-22,24643.0,21762.0,4765.0,2745.0,11286.0,0.0,5981.0,1.0,4753.0,0.0
2021-11-23,23984.0,31586.0,17024.0,7580.0,12963.0,0.0,8451.0,0.0,42974.0,34063.0
2021-11-24,38509.0,4955.0,32007.0,12619.0,12512.0,0.0,11864.0,2.0,61917.0,5370.0
2021-11-25,6807.0,16257.0,42042.0,9648.0,5541.0,0.0,7157.0,0.0,20758.0,7861.0
2021-11-26,31618.0,27766.0,7685.0,10481.0,19733.0,0.0,14593.0,8.0,67175.0,2718.0
2021-11-27,24982.0,19729.0,7547.0,0.0,5012.0,0.0,5044.0,0.0,5414.0,5398.0
2021-11-28,0.0,29317.0,41870.0,22081.0,9716.0,0.0,1816.0,0.0,87900.0,21479.0
2021-11-29,42298.0,24711.0,13903.0,0.0,21277.0,0.0,12784.0,6.0,28118.0,21906.0
2021-11-30,7253.0,0.0,17633.0,5924.0,9481.0,0.0,17102.0,0.0,55595.0,1610.0
2021-12-01,16140.0,28865.0,18723.0,8759.0,13509.0,0.0,0.0,0.0,35245.0,1555.0
2021-12-02,17423.0,2160.0,27537.0,16583.0,7451.0,0.0,18685.0,0.0,13060.0,18376.0
2021-12-03,42695.0,33444.0,38060.0,11042.0,9494.0,0.0,0.0,0.0,54075.0,2830.0
2021-12-04,5800.0,25601.0,0.0,2719.0,15469.0,0.0,16531.0,3.0,23877.0,20015.0
2021-12-05,21343.0,21606.0,27276.0,18109.0,10536.0,0.0,0.0,0.0,63889.0,13471.0
2021-12-06,33972.0,14315.0,30964.0,5189.0,9156.0,0.0,2390.0,0.0,39180.0,6891.0
2021-12-07,20862.0,25776.0,2156.0,16851.0,12838.0,0.0,22688.0,0.0,60343.0,20880.0
2021-12-08,27289.0,6181.0,29265.0,1336.0,4471.0,224.0,2111.0,0.0,20253.0,0.0
2021-12-09,18002.0,15215.0,28517.0,15373.0,12445.0,0.0,0.0,11.0,52426.0,19600.0
2021-12-10,23839.0,35333.0,25586.0,4130.0,9739.0,0.0,20981.0,0.0,0.0,964.0
2021-12-11,2742.0,1721.0,18905.0,14661.0,17020.0,0.0,0.0,8.0,92777.0,16739.0
2021-12-12,24573.0,39592.0,32160.0,2736.0,4925.0,0.0,18401.0,0.0,31436.0,10362.0
2021-12-13,42580.0,11575.0,8668.0,5560.0,10396.0,0.0,0.0,5.0,120.0,14836.0
2021-12-14,0.0,14724.0,42682.0,20304.0,7567.0,0.0,1683.0,2.0,63328.0,16225.0
2021-12-15,26950.0,5979.0,0.0,4870.0,13019.0,0.0,14328.0,0.0,18345.0,5156.0
2021-12-16,28307.0,27511.0,25721.0,19927.0,14986.0,0.0,5004.0,0.0,72831.0,4060.0
2021-12-17,24721.0,17397.0,8974.0,7128.0,11411.0,0.0,14868.0,7.0,51862.0,0.0
2021-12-18,29095.0,41632.0,41781.0,946.0,7200.0,0.0,4419.0,0.0,30715.0,35252.0
2021-12-19,0.0,21432.0,18328.0,17898.0,13498.0,0.0,10802.0,0.0,20783.0,5397.0
2021-12-20,23423.0,0.0,20304.0,8771.0,3868.0,0.0,10534.0,0.0,62839.0,11322.0
2021-12-21,29984.0,36558.0,26049.0,3960.0,13283.0,0.0,13780.0,0.0,56805.0,1830.0
2021-12-22,26410.0,0.0,31256.0,14014.0,20004.0,0.0,0.0,0.0,3712.0,1710.0
2021-12-23,16216.0,16831.0,14906.0,5325.0,2298.0,1832.0,10488.0,0.0,59364.0,26257.0
2021-12-24,26947.0,32142.0,36026.0,9201.0,16274.0,0.0,3876.0,0.0,37986.0,18722.0
2021-12-25,14873.0,30971.0,3235.0,6219.0,6316.0,0.0,14644.0,11.0,79727.0,0.0
2021-12-26,14505.0,0.0,30454.0,19428.0,10909.0,0.0,12682.0,0.0,9354.0,1878.0
2021-12-27,45468.0,16082.0,15775.0,12353.0,12981.0,0.0,10031.0,0.0,26308.0,13851.0
2021-12-28,1956.0,35361.0,11531.0,8442.0,12721.0,0.0,0.0,0.0,50296.0,7247.0
2021-12-29,38335.0,19545.0,45755.0,5164.0,8613.0,0.0,4691.0,13.0,58137.0,31671.0
2021-12-30,6304.0,20209.0,791.0,7832.0,2843.0,0.0,16795.0,0.0,58825.0,10526.0
2021-12-31,26105.0,23461.0,49894.0,16962.0,22095.0,0.0,895.0,0.0,24775.0,2426.0
2022-01-01,37117.0,3055.0,27637.0,4746.0,0.0,0.0,20669.0,6.0,20753.0,2399.0
2022-01-02,30603.0,24126.0,0.0,3993.0,19975.0,0.0,7508.0,0.0,44684.0,29026.0
2022-01-03,16159.0,18398.0,26275.0,16459.0,11999.0,0.0,3018.0,0.0,39229.0,0.0
2022-01-04,7896.0,24679.0,38144.0,12193.0,1326.0,0.0,5166.0,0.0,66057.0,11927.0
2022-01-05,26297.0,18662.0,12381.0,4667.0,12001.0,0.0,17407.0,0.0,33288.0,15068.0
2022-01-06,25301.0,27956.0,25403.0,12126.0,13990.0,0.0,9402.0,4.0,38415.0,14388.0
2022-01-07,20944.0,20698.0,20286.0,4712.0,3159.0,0.0,0.0,8.0,65133.0,6073.0
2022-01-08,28588.0,9541.0,34978.0,7989.0,20283.0,0.0,7150.0,0.0,27728.0,16065.0
2022-01-09,27285.0,34156.0,845.0,13805.0,10963.0,0.0,10452.0,0.0,42917.0,19386.0
2022-01-10,15564.0,18327.0,50284.0,21139.0,5983.0,0.0,14270.0,0.0,46839.0,13629.0
2022-01-11,27562.0,33384.0,11850.0,3641.0,12820.0,0.0,4765.0,0.0,81937.0,2789.0
2022-01-12,17879.0,11649.0,27087.0,12615.0,0.0,0.0,14632.0,0.0,48482.0,16604.0
2022-01-13,10138.0,3344.0,20592.0,15943.0,20017.0,572.0,0.0,0.0,39745.0,0.0
2022-01-14,31810.0,23280.0,22014.0,6115.0,10130.0,0.0,8333.0,2.0,36160.0,13054.0
2022-01-15,21960.0,20228.0,23460.0,12793.0,1850.0,247.0,5523.0,0.0,56371.0,11377.0
2022-01-16,13174.0,38174.0,10290.0,0.0,12422.0,0.0,17529.0,12.0,15242.0,1224.0
2022-01-17,49902.0,5295.0,32497.0,15317.0,6348.0,0.0,3576.0,0.0,49664.0,27053.0
2022-01-18,0.0,36612.0,10905.0,11451.0,12802.0,0.0,10892.0,0.0,34169.0,14417.0
2022-01-19,18420.0,21870.0,22820.0,5397.0,13205.0,0.0,11155.0,1.0,49147.0,16096.0
2022-01-20,49204.0,20705.0,38002.0,3388.0,6158.0,0.0,13672.0,8.0,32156.0,265.0
2022-01-21,3278.0,0.0,39414.0,18593.0,7857.0,0.0,1890.0,0.0,44289.0,17487.0
2022-01-22,38767.0,42188.0,23180.0,14964.0,8595.0,0.0,6781.0,0.0,54186.0,5747.0
2022-01-23,21161.0,0.0,16970.0,1762.0,16942.0,0.0,11571.0,0.0,34648.0,22149.0
2022-01-24,6138.0,35797.0,2803.0,21696.0,8756.0,0.0,9216.0,4.0,71700.0,0.0
2022-01-25,35381.0,10473.0,24939.0,0.0,6436.0,0.0,2793.0,9.0,11069.0,9597.0
2022-01-26,26326.0,36316.0,22093.0,20230.0,12784.0,0.0,20708.0,0.0,43815.0,22512.0
2022-01-27,10113.0,25870.0,19792.0,0.0,10383.0,0.0,2364.0,0.0,61830.0,14264.0
2022-01-28,20244.0,8401.0,25716.0,13156.0,6045.0,0.0,9439.0,0.0,35208.0,1935.0
2022-01-29,24137.0,11020.0,45463.0,6723.0,16968.0,0.0,6893.0,2.0,65014.0,3998.0
2022-01-30,36026.0,15152.0,25089.0,11756.0,2091.0,0.0,7148.0,0.0,22155.0,21041.0
2022-01-31,19873.0,28252.0,14392.0,6673.0,11751.0,0.0,15960.0,8.0,51245.0,16816.0
2022-02-01,27161.0,37878.0,23739.0,7917.0,2988.0,0.0,10560.0,0.0,49852.0,0.0
2022-02-02,24754.0,26345.0,13118.0,23531.0,21022.0,0.0,1694.0,0.0,51702.0,29332.0
2022-02-03,29544.0,3524.0,28162.0,10211.0,9576.0,0.0,3929.0,0.0,31589.0,0.0
2022-02-04,30424.0,33720.0,17209.0,4468.0,0.0,0.0,23784.0,4.0,49898.0,23056.0
2022-02-05,0.0,7642.0,37219.0,12917.0,10026.0,0.0,0.0,0.0,57373.0,3813.0
2022-02-06,21494.0,30613.0,21639.0,5548.0,11972.0,0.0,17936.0,9.0,49122.0,13725.0
2022-02-07,24024.0,21509.0,34168.0,14128.0,6877.0,0.0,0.0,0.0,32470.0,16491.0
2022-02-08,33836.0,14568.0,8666.0,15312.0,16933.0,0.0,15529.0,0.0,52671.0,0.0
2022-02-09,30295.0,27402.0,44402.0,3852.0,6769.0,0.0,12655.0,1.0,13646.0,10592.0
2022-02-10,31583.0,28819.0,30349.0,16608.0,5793.0,0.0,0.0,0.0,78126.0,24420.0
2022-02-11,3418.0,2811.0,7877.0,5892.0,3814.0,0.0,17975.0,2.0,28028.0,0.0
2022-02-12,45070.0,13331.0,33876.0,14957.0,19360.0,211.0,1375.0,0.0,55560.0,7950.0
2022-02-13,15060.0,27026.0,19158.0,5042.0,4373.0,0.0,16773.0,4.0,26023.0,31761.0
2022-02-14,30125.0,33639.0,14114.0,19818.0,4069.0,0.0,6082.0,0.0,91762.0,0.0
2022-02-15,23348.0,23089.0,50680.0,8063.0,15623.0,0.0,5777.0,11.0,23070.0,21811.0
2022-02-16,8818.0,20938.0,7742.0,10415.0,1571.0,0.0,5817.0,0.0,68710.0,14068.0
2022-02-17,23490.0,32288.0,12582.0,12448.0,12787.0,0.0,9593.0,0.0,18243.0,0.0
2022-02-18,15508.0,19236.0,34712.0,10502.0,4728.0,2315.0,19810.0,0.0,39778.0,1140.0
2022-02-19,48488.0,1585.0,18084.0,7911.0,10206.0,0.0,0.0,0.0,44260.0,18112.0
2022-02-20,4693.0,32950.0,43475.0,6508.0,9758.0,0.0,12039.0,0.0,68481.0,20242.0
2022-02-21,41841.0,7260.0,19078.0,17753.0,16109.0,0.0,12145.0,4.0,43371.0,10604.0
2022-02-22,26181.0,45023.0,33809.0,713.0,3457.0,0.0,9900.0,0.0,28357.0,5280.0
2022-02-23,0.0,4915.0,0.0,22038.0,4920.0,0.0,391.0,0.0,54679.0,19343.0
2022-02-24,35225.0,39963.0,27227.0,0.0,7201.0,0.0,11198.0,13.0,66701.0,0.0
2022-02-25,19918.0,4746.0,33230.0,15332.0,12227.0,451.0,15107.0,0.0,48608.0,28514.0
2022-02-26,27466.0,38733.0,34660.0,6289.0,13539.0,0.0,2143.0,0.0,60060.0,15899.0
2022-02-27,29679.0,0.0,21995.0,4287.0,11515.0,0.0,16354.0,0.0,34652.0,2090.0
2022-02-28,31057.0,18481.0,4906.0,22551.0,4331.0,3258.0,7079.0,0.0,59742.0,2005.0
2022-03-01,27675.0,32567.0,25528.0,0.0,12807.0,0.0,584.0,1.0,0.0,12773.0
2022-03-02,23877.0,17843.0,33108.0,17190.0,7818.0,0.0,20940.0,1.0,48090.0,19405.0
2022-03-03,24561.0,13988.0,46756.0,7434.0,4499.0,0.0,0.0,2.0,44737.0,15003.0
2022-03-04,8973.0,45603.0,18297.0,8622.0,3508.0,1267.0,6456.0,2.0,42890.0,5766.0
2022-03-05,30104.0,4738.0,2610.0,13114.0,11978.0,0.0,8303.0,0.0,96036.0,18407.0
2022-03-06,27013.0,41693.0,25380.0,21660.0,6470.0,0.0,23022.0,11.0,36443.0,4760.0
2022-03-07,24987.0,9357.0,41562.0,4806.0,4734.0,0.0,75.0,0.0,62439.0,27180.0
2022-03-08,20578.0,22332.0,34247.0,8523.0,10665.0,3535.0,16020.0,2.0,12870.0,0.0
2022-03-09,17006.0,32156.0,4006.0,20431.0,5478.0,0.0,0.0,0.0,54081.0,12036.0
2022-03-10,38252.0,19911.0,36728.0,7083.0,16172.0,0.0,21352.0,0.0,44339.0,25979.0
2022-03-11,29466.0,844.0,39692.0,7863.0,411.0,0.0,8665.0,12.0,52678.0,0.0
2022-03-12,22799.0,25007.0,0.0,769.0,13699.0,342.0,2017.0,0.0,51123.0,27562.0
2022-03-13,21089.0,19704.0,30979.0,25933.0,7224.0,0.0,10342.0,0.0,30898.0,15665.0
2022-03-14,23826.0,44597.0,16297.0,0.0,4605.0,2508.0,6471.0,2.0,35850.0,0.0
2022-03-15,18362.0,27059.0,30340.0,9611.0,11097.0,0.0,12542.0,0.0,78950.0,14913.0
2022-03-16,43249.0,23272.0,25615.0,11032.0,11263.0,0.0,3263.0,0.0,21798.0,15978.0
2022-03-17,12752.0,8657.0,50631.0,8024.0,0.0,0.0,23720.0,0.0,38393.0,0.0
2022-03-18,31961.0,19070.0,7585.0,13251.0,9016.0,0.0,0.0,0.0,105330.0,22215.0
2022-03-19,26152.0,24626.0,19197.0,13667.0,11268.0,609.0,4420.0,5.0,22800.0,21214.0
2022-03-20,4049.0,19195.0,45173.0,17420.0,6105.0,0.0,23036.0,3.0,42806.0,5949.0
2022-03-21,34335.0,34281.0,5724.0,14853.0,4084.0,1103.0,4232.0,0.0,32461.0,1420.0
2022-03-22,41746.0,29400.0,31015.0,0.0,9937.0,7880.0,8124.0,7.0,66710.0,25662.0
2022-03-23,7845.0,17847.0,16137.0,15693.0,10065.0,0.0,16015.0,0.0,67577.0,67.0
2022-03-24,34057.0,10956.0,43679.0,12805.0,4377.0,0.0,11811.0,1.0,37341.0,11386.0
2022-03-25,33048.0,28185.0,30199.0,6689.0,5105.0,0.0,0.0,11.0,21937.0,12871.0
2022-03-26,17015.0,5846.0,16128.0,15827.0,12274.0,0.0,17566.0,0.0,44679.0,19908.0
2022-03-27,5172.0,35099.0,13738.0,911.0,2791.0,5795.0,8832.0,0.0,53791.0,18133.0
2022-03-28,42963.0,18920.0,53229.0,22797.0,3290.0,0.0,2270.0,0.0,39429.0,8346.0
2022-03-29,31175.0,17361.0,339.0,8473.0,18793.0,413.0,8978.0,3.0,59720.0,19728.0
2022-03-30,20072.0,38695.0,49704.0,8302.0,0.0,0.0,5843.0,0.0,95146.0,916.0
2022-03-31,34898.0,16951.0,19864.0,22483.0,3190.0,0.0,25882.0,0.0,42683.0,6687.0
2022-04-01,9460.0,17292.0,18516.0,3623.0,15486.0,5131.0,7562.0,1433.0,13826.0,32249.0
2022-04-02,30900.0,36807.0,33991.0,7959.0,0.0,0.0,7420.0,2718.0,60652.0,11522.0
2022-04-03,14205.0,18789.0,37195.0,21792.0,16910.0,2165.0,2630.0,0.0,32534.0,10704.0
2022-04-04,46695.0,6529.0,0.0,0.0,0.0,0.0,6173.0,79.0,77882.0,13256.0
2022-04-05,627.0,38264.0,46042.0,10235.0,13115.0,0.0,12895.0,0.0,55394.0,15175.0
2022-04-06,50721.0,11051.0,24059.0,7885.0,0.0,3077.0,5003.0,0.0,13687.0,0.0
2022-04-07,1242.0,26858.0,8153.0,13930.0,3231.0,0.0,13914.0,521.0,40194.0,19348.0
2022-04-08,48585.0,37921.0,35648.0,17635.0,9762.0,0.0,10658.0,0.0,103838.0,20789.0
2022-04-09,25615.0,27765.0,41775.0,17119.0,14049.0,3851.0,8848.0,0.0,0.0,7799.0
2022-04-10,31415.0,22741.0,26697.0,7495.0,5431.0,0.0,8737.0,0.0,52312.0,13311.0
2022-04-11,13194.0,16487.0,19563.0,12903.0,1424.0,2119.0,9679.0,0.0,81166.0,0.0
2022-04-12,33757.0,15275.0,34553.0,0.0,11109.0,0.0,19926.0,0.0,10551.0,8481.0
2022-04-13,16110.0,35129.0,24450.0,17116.0,8340.0,3682.0,7529.0,0.0,72328.0,17117.0
2022-04-14,21427.0,21425.0,32121.0,11544.0,4454.0,0.0,15049.0,0.0,42652.0,22685.0
2022-04-15,44291.0,12812.0,9331.0,3702.0,148.0,2064.0,4890.0,0.0,59980.0,20077.0
2022-04-16,21641.0,12139.0,25563.0,10651.0,4208.0,5182.0,4637.0,0.0,60014.0,2629.0
2022-04-17,15684.0,39936.0,11188.0,18858.0,11046.0,43.0,20679.0,0.0,43531.0,13089.0
2022-04-18,26863.0,20708.0,28126.0,14516.0,11532.0,977.0,0.0,0.0,79513.0,22311.0
2022-04-19,22504.0,35536.0,35545.0,2143.0,0.0,1196.0,11991.0,0.0,0.0,14943.0
2022-04-20,16196.0,0.0,18144.0,15104.0,11280.0,0.0,8087.0,0.0,82650.0,10484.0
2022-04-21,34770.0,28261.0,40550.0,15621.0,0.0,1580.0,4992.0,0.0,27468.0,14757.0
2022-04-22,21217.0,26951.0,46171.0,12112.0,10736.0,3625.0,15177.0,0.0,43175.0,13646.0
2022-04-23,34339.0,22048.0,718.0,9019.0,7339.0,1736.0,14313.0,0.0,72962.0,2003.0
2022-04-24,24233.0,26890.0,26335.0,10422.0,2681.0,161.0,7552.0,0.0,23755.0,23368.0
2022-04-25,38400.0,24786.0,29186.0,6424.0,13192.0,2364.0,12184.0,0.0,74680.0,0.0
2022-04-26,24164.0,27880.0,51300.0,26909.0,6403.0,2796.0,8348.0,0.0,31015.0,9264.0
2022-04-27,11869.0,6261.0,27536.0,11900.0,0.0,0.0,12617.0,0.0,56294.0,27054.0
2022-04-28,41327.0,39705.0,2125.0,3959.0,10295.0,1921.0,721.0,0.0,56221.0,2376.0
2022-04-29,33401.0,22776.0,43845.0,14730.0,348.0,6174.0,7570.0,325.0,37175.0,24354.0
2022-04-30,4172.0,11935.0,28516.0,9458.0,9817.0,0.0,16125.0,0.0,81210.0,2993.0
2022-05-01,22014.0,23353.0,20520.0,14425.0,0.0,0.0,8020.0,0.0,50591.0,11730.0
2022-05-02,41741.0,39725.0,18274.0,1619.0,10123.0,0.0,10127.0,0.0,22719.0,7886.0
2022-05-03,40014.0,3603.0,33200.0,17684.0,2263.0,8329.0,4460.0,0.0,94979.0,30764.0
2022-05-04,24319.0,29371.0,27140.0,15440.0,4659.0,886.0,20361.0,0.0,42691.0,8378.0
2022-05-05,8243.0,25477.0,25960.0,10197.0,14150.0,0.0,14923.0,0.0,62541.0,18320.0
2022-05-06,26563.0,27593.0,32666.0,17464.0,7506.0,0.0,0.0,0.0,14304.0,19783.0
2022-05-07,20066.0,24624.0,8428.0,0.0,2069.0,0.0,17771.0,0.0,38965.0,6254.0
2022-05-08,44520.0,40211.0,43257.0,7858.0,2952.0,4852.0,7776.0,0.0,65032.0,17155.0
2022-05-09,31078.0,5006.0,18211.0,13140.0,4851.0,1067.0,5634.0,0.0,40442.0,1492.0
2022-05-10,33156.0,24012.0,45481.0,10848.0,1937.0,2221.0,5231.0,0.0,70666.0,18268.0
2022-05-11,14764.0,19422.0,5121.0,19192.0,15261.0,5521.0,19052.0,0.0,61482.0,118.0
2022-05-12,31748.0,44563.0,57818.0,12518.0,0.0,4666.0,16301.0,0.0,70335.0,22349.0
2022-05-13,23976.0,20894.0,22392.0,10311.0,7645.0,0.0,797.0,0.0,16253.0,16394.0
2022-05-14,21470.0,26098.0,33714.0,18540.0,7152.0,0.0,14437.0,0.0,43613.0,17539.0
2022-05-15,23994.0,3267.0,0.0,0.0,0.0,3152.0,13319.0,0.0,47706.0,8633.0
2022-05-16,20186.0,33040.0,44423.0,24413.0,2126.0,911.0,1515.0,0.0,70749.0,11278.0
2022-05-17,52551.0,22219.0,20439.0,9971.0,5642.0,0.0,12638.0,0.0,44994.0,27914.0
2022-05-18,27705.0,29400.0,34383.0,0.0,9743.0,3888.0,11975.0,0.0,90035.0,13856.0
2022-05-19,13659.0,35229.0,13758.0,10783.0,1048.0,6059.0,5750.0,0.0,47699.0,5889.0
2022-05-20,19514.0,22721.0,29239.0,25493.0,11918.0,4374.0,11225.0,577.0,44100.0,0.0
2022-05-21,28172.0,25254.0,39718.0,0.0,7148.0,1608.0,12515.0,0.0,23193.0,25360.0
2022-05-22,28488.0,25267.0,20107.0,12270.0,974.0,607.0,14569.0,495.0,58313.0,114.0
2022-05-23,46561.0,9676.0,38743.0,10454.0,9906.0,0.0,10121.0,0.0,79037.0,37056.0
2022-05-24,7468.0,41280.0,9513.0,10757.0,0.0,2899.0,2903.0,0.0,19980.0,12686.0
2022-05-25,27451.0,2357.0,50085.0,11498.0,12384.0,4805.0,8664.0,0.0,69876.0,0.0
2022-05-26,41476.0,23468.0,25213.0,27892.0,2026.0,0.0,23830.0,0.0,36991.0,12420.0
2022-05-27,17479.0,37677.0,19204.0,6199.0,5665.0,789.0,0.0,0.0,99350.0,24309.0
2022-05-28,41869.0,30148.0,19425.0,6578.0,3598.0,2974.0,13495.0,0.0,30728.0,18834.0
2022-05-29,11630.0,31328.0,39091.0,15236.0,0.0,2480.0,14162.0,0.0,56022.0,8832.0
2022-05-30,33864.0,16586.0,40505.0,6264.0,11253.0,1220.0,710.0,0.0,44437.0,11767.0
2022-05-31,20713.0,3739.0,13453.0,11569.0,0.0,3954.0,16925.0,0.0,53182.0,21219.0
2022-06-01,31894.0,43543.0,16134.0,9637.0,9367.0,2106.0,6961.0,0.0,52512.0,0.0
2022-06-02,35816.0,19280.0,59249.0,19766.0,5442.0,8425.0,4464.0,0.0,44988.0,15445.0
2022-06-03,21742.0,16058.0,4514.0,17269.0,4163.0,0.0,13919.0,0.0,66124.0,12552.0
2022-06-04,35692.0,46753.0,43455.0,11017.0,4879.0,5702.0,20653.0,0.0,38390.0,3546.0
2022-06-05,3917.0,25114.0,34348.0,2480.0,6601.0,495.0,6803.0,0.0,87943.0,33659.0
2022-06-06,29264.0,23015.0,20446.0,14951.0,0.0,0.0,5447.0,0.0,56173.0,0.0
2022-06-07,32345.0,27839.0,15346.0,17627.0,9674.0,3682.0,6528.0,0.0,37017.0,16352.0
2022-06-08,37157.0,129.0,22207.0,1605.0,0.0,6258.0,14621.0,0.0,25080.0,14179.0
2022-06-09,24194.0,43102.0,34692.0,26544.0,5024.0,1482.0,15700.0,0.0,88663.0,14585.0
2022-06-10,21462.0,23470.0,55129.0,4875.0,6625.0,0.0,14343.0,0.0,30069.0,5620.0
2022-06-11,43498.0,31222.0,26950.0,12005.0,0.0,2795.0,0.0,417.0,92492.0,15982.0
2022-06-12,11706.0,11089.0,19817.0,22512.0,10749.0,2656.0,18026.0,620.0,0.0,19240.0
2022-06-13,31922.0,22996.0,38129.0,3507.0,0.0,4332.0,21.0,0.0,92125.0,17238.0
2022-06-14,41033.0,24819.0,0.0,7664.0,5478.0,0.0,11844.0,0.0,69700.0,2745.0
2022-06-15,22385.0,34252.0,41357.0,8537.0,7210.0,4696.0,22675.0,0.0,38067.0,28861.0
2022-06-16,32366.0,7794.0,14856.0,26811.0,4824.0,3223.0,0.0,0.0,63519.0,5941.0
2022-06-17,25590.0,29141.0,56779.0,2913.0,4564.0,3687.0,20787.0,0.0,49846.0,10522.0
2022-06-18,29785.0,23396.0,16199.0,17927.0,1782.0,0.0,10504.0,0.0,11483.0,20898.0
2022-06-19,24688.0,44354.0,34091.0,15448.0,10028.0,782.0,14615.0,244.0,51396.0,18793.0
2022-06-20,26065.0,28018.0,20547.0,0.0,0.0,8958.0,0.0,0.0,66013.0,17388.0
2022-06-21,16268.0,26960.0,34230.0,27467.0,626.0,2922.0,18429.0,0.0,57574.0,18314.0
2022-06-22,34955.0,1644.0,20015.0,12444.0,9063.0,4667.0,7810.0,0.0,47087.0,11186.0
2022-06-23,39333.0,48141.0,22047.0,0.0,0.0,0.0,7305.0,0.0,82777.0,0.0
2022-06-24,12964.0,2923.0,62012.0,13012.0,1770.0,4496.0,13125.0,0.0,47866.0,14259.0
2022-06-25,46435.0,40329.0,15289.0,17403.0,7750.0,0.0,3576.0,0.0,50066.0,10966.0
2022-06-26,18613.0,33372.0,17154.0,2348.0,8492.0,6249.0,7239.0,0.0,61666.0,26556.0
2022-06-27,45625.0,24789.0,25195.0,24765.0,2889.0,5902.0,11828.0,0.0,78856.0,819.0
2022-06-28,3963.0,4433.0,58684.0,14338.0,0.0,610.0,18259.0,0.0,11256.0,28324.0
2022-06-29,53798.0,24328.0,0.0,10595.0,10574.0,0.0,5480.0,0.0,64171.0,2543.0
2022-06-30,0.0,44301.0,33942.0,12368.0,4122.0,3562.0,20459.0,0.0,77781.0,24497.0
2022-07-01,38461.0,28706.0,50947.0,11802.0,3353.0,3950.0,6557.0,36.0,18183.0,2775.0
2022-07-02,31210.0,24981.0,25206.0,6113.0,3694.0,1653.0,7874.0,0.0,105376.0,25589.0
2022-07-03,32673.0,18846.0,18579.0,24174.0,0.0,9001.0,16053.0,0.0,29769.0,19007.0
2022-07-04,29701.0,33841.0,32361.0,0.0,12007.0,1906.0,10132.0,0.0,39907.0,1821.0
2022-07-05,11768.0,16530.0,32668.0,10450.0,3096.0,5942.0,5938.0,0.0,48272.0,27251.0
2022-07-06,48213.0,19670.0,18023.0,12357.0,5452.0,3080.0,20203.0,0.0,88023.0,0.0
2022-07-07,33338.0,31488.0,44893.0,16256.0,0.0,0.0,13044.0,0.0,34825.0,10480.0
2022-07-08,29343.0,21159.0,21693.0,11833.0,913.0,3154.0,0.0,0.0,43824.0,35642.0
2022-07-09,7060.0,30545.0,33807.0,11128.0,3409.0,7492.0,16374.0,0.0,62156.0,0.0
2022-07-10,30598.0,29489.0,37685.0,21800.0,6073.0,0.0,12859.0,0.0,65154.0,26228.0
2022-07-11,52633.0,31631.0,28973.0,10114.0,2490.0,3919.0,13334.0,0.0,52383.0,9623.0
2022-07-12,21323.0,14862.0,12770.0,11413.0,7876.0,435.0,0.0,0.0,89210.0,18237.0
2022-07-13,23792.0,31519.0,53970.0,5802.0,5807.0,0.0,8983.0,0.0,39000.0,8350.0
2022-07-14,40063.0,10942.0,11927.0,16097.0,0.0,12853.0,15512.0,0.0,67087.0,2961.0
2022-07-15,5260.0,49628.0,48061.0,10983.0,10054.0,3848.0,13069.0,0.0,37760.0,26133.0
2022-07-16,38643.0,14395.0,7577.0,23868.0,0.0,684.0,11411.0,0.0,50092.0,6453.0
2022-07-17,32056.0,25869.0,22816.0,11534.0,245.0,5639.0,4632.0,0.0,77020.0,9110.0
2022-07-18,21487.0,29006.0,34599.0,0.0,4344.0,0.0,12160.0,0.0,36001.0,28007.0
2022-07-19,52625.0,35510.0,42506.0,26977.0,12472.0,0.0,14260.0,0.0,85498.0,20950.0
2022-07-20,21400.0,19538.0,12136.0,11592.0,0.0,6226.0,15138.0,0.0,18537.0,226.0
2022-07-21,37205.0,32764.0,39833.0,14409.0,0.0,9278.0,9203.0,1369.0,88550.0,17653.0
2022-07-22,157.0,1173.0,35286.0,9929.0,8870.0,2455.0,1903.0,0.0,41894.0,21533.0
2022-07-23,32758.0,28159.0,23851.0,1637.0,0.0,3209.0,11252.0,0.0,82431.0,20462.0
2022-07-24,33501.0,39278.0,49276.0,14907.0,412.0,0.0,18229.0,0.0,41340.0,0.0
2022-07-25,32104.0,35021.0,26154.0,17829.0,11279.0,2643.0,17802.0,0.0,76370.0,29111.0
2022-07-26,24549.0,3850.0,11194.0,14259.0,1350.0,6144.0,1903.0,0.0,42578.0,3.0
2022-07-27,38440.0,30527.0,28133.0,13234.0,9253.0,0.0,4452.0,0.0,34662.0,26054.0
2022-07-28,42696.0,24655.0,46522.0,2286.0,0.0,5630.0,28214.0,0.0,52928.0,15658.0
2022-07-29,11115.0,25824.0,39458.0,26507.0,6397.0,3866.0,9849.0,0.0,94930.0,1513.0
2022-07-30,50474.0,30259.0,4533.0,11254.0,1435.0,6908.0,11631.0,0.0,36346.0,26668.0
2022-07-31,6224.0,42643.0,53227.0,11301.0,5515.0,4334.0,0.0,684.0,48111.0,0.0
2022-08-01,47155.0,25716.0,13451.0,15342.0,0.0,0.0,22748.0,0.0,56425.0,27675.0
2022-08-02,8578.0,6884.0,32769.0,0.0,6139.0,1856.0,5427.0,0.0,69187.0,2923.0
2022-08-03,34353.0,32924.0,26751.0,21619.0,0.0,8355.0,8209.0,0.0,24343.0,23460.0
2022-08-04,51597.0,45167.0,40236.0,9168.0,7958.0,3022.0,12649.0,0.0,99421.0,16356.0
2022-08-05,26362.0,13838.0,20493.0,8227.0,0.0,2544.0,5237.0,80.0,51107.0,0.0
2022-08-06,20242.0,16884.0,35863.0,15407.0,10508.0,5573.0,22210.0,348.0,34523.0,15474.0
2022-08-07,23626.0,37348.0,41415.0,19303.0,0.0,7971.0,1047.0,0.0,61774.0,23881.0
2022-08-08,32811.0,24110.0,22568.0,10814.0,4310.0,0.0,21689.0,0.0,69832.0,11754.0
2022-08-09,21716.0,38859.0,34838.0,7810.0,5450.0,5849.0,0.0,0.0,49330.0,13015.0
2022-08-10,55127.0,21939.0,19816.0,21474.0,5482.0,3309.0,11290.0,1092.0,76594.0,11040.0
2022-08-11,14380.0,33882.0,41874.0,3786.0,1939.0,5600.0,10153.0,0.0,46703.0,18723.0
2022-08-12,47424.0,12192.0,24163.0,15879.0,0.0,2022.0,21704.0,0.0,60932.0,21100.0
2022-08-13,9694.0,41270.0,29133.0,16517.0,3933.0,8405.0,6810.0,0.0,84152.0,24740.0
2022-08-14,25414.0,1219.0,54395.0,8944.0,9270.0,0.0,4234.0,0.0,49985.0,12599.0
2022-08-15,38358.0,25349.0,12013.0,13920.0,4557.0,64.0,20828.0,0.0,31252.0,7276.0
2022-08-16,30231.0,34125.0,30969.0,14303.0,2631.0,4124.0,16409.0,0.0,74387.0,17813.0
2022-08-17,34418.0,24045.0,53539.0,20421.0,0.0,10322.0,4665.0,0.0,48534.0,19044.0
2022-08-18,19131.0,44651.0,8223.0,5959.0,8840.0,168.0,16980.0,0.0,82389.0,19313.0
2022-08-19,45308.0,4670.0,35441.0,6561.0,6286.0,5485.0,0.0,0.0,43350.0,15070.0
2022-08-20,26631.0,38752.0,19782.0,26151.0,0.0,1940.0,23440.0,0.0,37205.0,0.0
2022-08-21,31528.0,44364.0,58606.0,196.0,2897.0,4080.0,0.0,1197.0,69268.0,13243.0
2022-08-22,42885.0,13779.0,21914.0,19473.0,767.0,11245.0,7060.0,0.0,53032.0,26078.0
2022-08-23,21914.0,21387.0,18639.0,9088.0,8178.0,0.0,21433.0,0.0,90375.0,0.0
2022-08-24,37043.0,35490.0,40959.0,21403.0,3511.0,974.0,10321.0,0.0,56201.0,30148.0
2022-08-25,30881.0,10957.0,32441.0,19174.0,9078.0,5274.0,8556.0,0.0,48699.0,22646.0
2022-08-26,27456.0,40217.0,25461.0,14089.0,0.0,5472.0,19991.0,0.0,74079.0,9975.0
2022-08-27,16224.0,26981.0,25402.0,7206.0,0.0,7316.0,0.0,0.0,46418.0,0.0
2022-08-28,40423.0,39345.0,50691.0,14002.0,7431.0,2819.0,23757.0,0.0,26927.0,16028.0
2022-08-29,30474.0,23866.0,21232.0,6090.0,4075.0,4453.0,3200.0,0.0,100266.0,29020.0
2022-08-30,33588.0,23727.0,50827.0,22788.0,0.0,4273.0,13248.0,0.0,49250.0,8329.0
2022-08-31,36507.0,21892.0,31172.0,0.0,5745.0,3936.0,16202.0,0.0,31332.0,11376.0
2022-09-01,26563.0,32897.0,27098.0,23637.0,728.0,2686.0,12772.0,976.0,81369.0,13117.0
2022-09-02,17672.0,37500.0,16037.0,15586.0,13580.0,12323.0,9643.0,0.0,71002.0,12016.0
2022-09-03,50159.0,26479.0,26479.0,16003.0,0.0,699.0,665.0,0.0,76959.0,28983.0
2022-09-04,5072.0,2531.0,36616.0,4303.0,8133.0,5430.0,22395.0,0.0,46482.0,4263.0
2022-09-05,45935.0,33175.0,26408.0,19296.0,0.0,4997.0,15103.0,0.0,44411.0,16675.0
2022-09-06,38089.0,37230.0,32041.0,12208.0,4572.0,2945.0,3389.0,0.0,79555.0,12065.0
2022-09-07,8909.0,20393.0,57963.0,18502.0,1081.0,7477.0,12380.0,0.0,11764.0,20367.0
2022-09-08,42765.0,41225.0,18248.0,101.0,8592.0,2856.0,15256.0,0.0,95401.0,29530.0
2022-09-09,36022.0,29164.0,28682.0,20177.0,5924.0,5261.0,0.0,0.0,78417.0,8694.0
2022-09-10,33068.0,28366.0,39205.0,15264.0,5069.0,1205.0,19353.0,0.0,15327.0,21303.0
2022-09-11,19693.0,16299.0,40327.0,5781.0,5107.0,8198.0,12607.0,0.0,58306.0,12619.0
2022-09-12,28476.0,37880.0,35207.0,20616.0,3430.0,2047.0,18373.0,0.0,99630.0,19544.0
2022-09-13,41030.0,27890.0,4380.0,10299.0,7098.0,7020.0,7528.0,249.0,52167.0,12228.0
2022-09-14,38227.0,30120.0,29974.0,14226.0,0.0,7343.0,3227.0,268.0,62562.0,5569.0
2022-09-15,30335.0,4979.0,30381.0,6683.0,0.0,2467.0,23466.0,0.0,33311.0,25094.0
2022-09-16,10760.0,54256.0,45754.0,15142.0,2504.0,5390.0,0.0,0.0,57148.0,406.0
2022-09-17,46786.0,20263.0,27739.0,12403.0,10083.0,3162.0,22977.0,0.0,74821.0,20565.0
2022-09-18,41713.0,32267.0,29314.0,23330.0,9067.0,8886.0,3851.0,0.0,39694.0,13815.0
2022-09-19,21211.0,26561.0,29997.0,9555.0,406.0,0.0,18526.0,0.0,73730.0,29318.0
2022-09-20,21733.0,19909.0,35966.0,18861.0,0.0,7425.0,5977.0,424.0,96513.0,8942.0
2022-09-21,52036.0,18961.0,33207.0,17418.0,9722.0,4656.0,2348.0,0.0,36989.0,21717.0
2022-09-22,32164.0,44159.0,31536.0,0.0,2046.0,5132.0,28125.0,0.0,41891.0,0.0
2022-09-23,22292.0,28412.0,33220.0,21359.0,780.0,1332.0,0.0,0.0,93528.0,16668.0
2022-09-24,34011.0,22081.0,42365.0,9627.0,13709.0,9971.0,9491.0,0.0,27831.0,22938.0
2022-09-25,18683.0,23877.0,26846.0,21146.0,3500.0,46.0,20354.0,0.0,109968.0,19453.0
2022-09-26,52162.0,20750.0,54035.0,6531.0,0.0,11502.0,8072.0,0.0,48091.0,22094.0
2022-09-27,20714.0,24228.0,501.0,17663.0,7922.0,2605.0,9965.0,0.0,25241.0,0.0
2022-09-28,41453.0,48988.0,38863.0,6201.0,0.0,528.0,7200.0,1937.0,64295.0,16954.0
2022-09-29,26685.0,24393.0,55885.0,11369.0,2172.0,3146.0,23309.0,0.0,68823.0,26162.0
2022-09-30,23607.0,25294.0,20517.0,27176.0,9630.0,4196.0,3053.0,0.0,91178.0,4150.0
2022-10-01,32472.0,33992.0,20088.0,10175.0,0.0,10387.0,21048.0,0.0,26832.0,8410.0
2022-10-02,38263.0,23923.0,55238.0,3837.0,9143.0,578.0,1409.0,0.0,86503.0,19799.0
2022-10-03,23076.0,27780.0,8038.0,23930.0,217.0,7349.0,19616.0,0.0,62002.0,11652.0
2022-10-04,31323.0,40387.0,40012.0,8154.0,9885.0,5077.0,2054.0,354.0,35876.0,16951.0
2022-10-05,44651.0,21521.0,22513.0,19324.0,3022.0,6014.0,23214.0,770.0,58756.0,20314.0
2022-10-06,28732.0,18945.0,33787.0,5848.0,3376.0,3246.0,8299.0,0.0,70170.0,17393.0
2022-10-07,16843.0,37210.0,52025.0,22667.0,8973.0,12191.0,18132.0,0.0,88879.0,29895.0
2022-10-08,55349.0,33865.0,28696.0,7786.0,2286.0,2108.0,0.0,0.0,65604.0,0.0
2022-10-09,32353.0,22020.0,42492.0,17473.0,4661.0,9315.0,22697.0,0.0,23233.0,22452.0
2022-10-10,25952.0,25852.0,24380.0,5235.0,4979.0,0.0,7500.0,0.0,62187.0,23201.0
2022-10-11,10792.0,16950.0,38565.0,13730.0,1769.0,6104.0,15193.0,0.0,105759.0,10584.0
2022-10-12,50891.0,42649.0,12504.0,25940.0,13994.0,2790.0,15494.0,0.0,60507.0,17882.0
2022-10-13,41963.0,32964.0,64367.0,11233.0,3339.0,5390.0,12554.0,0.0,36112.0,0.0
2022-10-14,14423.0,8785.0,10251.0,4755.0,1469.0,3729.0,14366.0,0.0,41615.0,16057.0
2022-10-15,28416.0,47041.0,53793.0,27294.0,6721.0,13851.0,0.0,1137.0,71753.0,14047.0
2022-10-16,38719.0,23334.0,23592.0,14807.0,5629.0,0.0,8051.0,0.0,84222.0,23145.0
2022-10-17,36097.0,40901.0,25362.0,5474.0,9921.0,5928.0,15759.0,0.0,69004.0,28818.0
2022-10-18,22590.0,3394.0,42917.0,14599.0,3292.0,4290.0,10139.0,0.0,76734.0,17489.0
2022-10-19,28650.0,33262.0,19282.0,18706.0,639.0,8223.0,19829.0,0.0,33523.0,12039.0
2022-10-20,58038.0,24717.0,57716.0,4872.0,9021.0,72.0,6701.0,0.0,54487.0,10465.0
2022-10-21,28485.0,42764.0,5510.0,23652.0,0.0,7792.0,11276.0,435.0,69217.0,26779.0
2022-10-22,13840.0,38110.0,31501.0,16275.0,9571.0,11039.0,21655.0,0.0,44972.0,7206.0
2022-10-23,53405.0,27385.0,37195.0,11619.0,7607.0,4773.0,0.0,0.0,74471.0,8135.0
2022-10-24,10431.0,20744.0,51436.0,16755.0,8585.0,0.0,9966.0,426.0,102233.0,27700.0
2022-10-25,32587.0,33223.0,35570.0,3252.0,4638.0,3856.0,18329.0,0.0,14696.0,3364.0
2022-10-26,34265.0,12923.0,15594.0,20882.0,4140.0,10828.0,9646.0,0.0,59727.0,22463.0
2022-10-27,28687.0,34442.0,46904.0,16012.0,7852.0,4078.0,23699.0,0.0,105192.0,8343.0
2022-10-28,31400.0,48779.0,35748.0,2740.0,3017.0,11152.0,4017.0,288.0,74150.0,23310.0
2022-10-29,52189.0,13709.0,25440.0,18085.0,5551.0,1801.0,9035.0,0.0,37316.0,18409.0
2022-10-30,42881.0,42472.0,40374.0,11055.0,7658.0,3463.0,10638.0,0.0,67689.0,6587.0
2022-10-31,33070.0,28588.0,31201.0,26601.0,0.0,6129.0,19306.0,0.0,54366.0,20425.0
2022-11-01,8419.0,33095.0,40400.0,8653.0,10549.0,5401.0,19767.0,0.0,97013.0,30926.0
2022-11-02,38394.0,20139.0,42916.0,7324.0,7719.0,10240.0,12037.0,0.0,13315.0,0.0
2022-11-03,23591.0,32251.0,20820.0,23505.0,2147.0,0.0,4419.0,305.0,112992.0,10687.0
2022-11-04,46760.0,23489.0,30775.0,18451.0,1434.0,11867.0,10977.0,742.0,10906.0,40093.0
2022-11-05,38381.0,21405.0,39547.0,247.0,13048.0,867.0,12268.0,0.0,79561.0,4688.0
2022-11-06,28707.0,42197.0,22409.0,27495.0,617.0,4310.0,10192.0,0.0,73285.0,17263.0
2022-11-07,21056.0,34119.0,49109.0,3232.0,12068.0,12575.0,23944.0,0.0,67622.0,20858.0
2022-11-08,38625.0,36656.0,15633.0,11582.0,5264.0,2079.0,6442.0,0.0,45202.0,22566.0
2022-11-09,32341.0,28654.0,51251.0,17429.0,4526.0,3981.0,11163.0,860.0,106789.0,5049.0
2022-11-10,39152.0,6961.0,26758.0,22202.0,4804.0,12403.0,6438.0,0.0,70497.0,16612.0
2022-11-11,24690.0,24254.0,41669.0,16901.0,2260.0,0.0,23073.0,0.0,43656.0,16361.0
2022-11-12,54816.0,44919.0,38036.0,991.0,3374.0,11458.0,12618.0,0.0,85377.0,17712.0
2022-11-13,28794.0,40426.0,43735.0,12781.0,12741.0,0.0,0.0,27.0,7128.0,5985.0
2022-11-14,33588.0,7669.0,15509.0,16090.0,12605.0,5766.0,12457.0,0.0,115501.0,30339.0
2022-11-15,33940.0,46588.0,34135.0,15373.0,5904.0,13324.0,15967.0,0.0,18022.0,20450.0
2022-11-16,39506.0,9694.0,29690.0,15948.0,6013.0,0.0,22252.0,307.0,77669.0,1725.0
2022-11-17,22747.0,40013.0,55797.0,15224.0,4275.0,6481.0,8679.0,0.0,51308.0,11548.0
2022-11-18,20122.0,47903.0,18843.0,19355.0,9401.0,3991.0,11222.0,0.0,77330.0,21840.0
2022-11-19,45726.0,27727.0,28155.0,17959.0,6566.0,7878.0,7729.0,639.0,78562.0,13063.0
2022-11-20,33665.0,15545.0,50839.0,10774.0,0.0,6317.0,7002.0,0.0,47672.0,14033.0
2022-11-21,42118.0,27037.0,35333.0,17312.0,3595.0,11777.0,12318.0,0.0,87274.0,31954.0
2022-11-22,28764.0,36630.0,29143.0,4261.0,8869.0,597.0,23911.0,0.0,51238.0,19484.0
2022-11-23,37871.0,21654.0,46603.0,12977.0,12232.0,11483.0,13609.0,0.0,76552.0,8063.0
2022-11-24,37596.0,46157.0,13602.0,13393.0,6354.0,0.0,4141.0,1197.0,89548.0,17645.0
2022-11-25,19804.0,35612.0,42809.0,32136.0,4171.0,6590.0,11071.0,0.0,53036.0,5871.0
2022-11-26,23567.0,6415.0,31509.0,0.0,5358.0,10501.0,13290.0,0.0,81546.0,21303.0
2022-11-27,43972.0,24955.0,34100.0,27568.0,10014.0,0.0,11765.0,0.0,15892.0,21266.0
2022-11-28,27254.0,54463.0,22882.0,6050.0,9559.0,7147.0,18293.0,0.0,84120.0,17639.0
2022-11-29,34029.0,5746.0,43401.0,16096.0,2870.0,7732.0,13202.0,634.0,69153.0,15176.0
2022-11-30,47389.0,38534.0,42843.0,11522.0,5597.0,9918.0,14698.0,0.0,72885.0,18947.0
2022-12-01,24082.0,30986.0,51733.0,23161.0,11072.0,6825.0,659.0,0.0,54086.0,6163.0
2022-12-02,38972.0,34576.0,11095.0,1062.0,1001.0,1234.0,21835.0,0.0,65910.0,17154.0
2022-12-03,37303.0,39236.0,44344.0,15739.0,7464.0,12412.0,12749.0,0.0,54268.0,36853.0
2022-12-04,23348.0,32017.0,30033.0,22999.0,17310.0,4418.0,19558.0,0.0,78068.0,0.0
2022-12-05,33723.0,11948.0,47293.0,14556.0,5609.0,3645.0,131.0,0.0,48207.0,25582.0
2022-12-06,39655.0,37032.0,21415.0,9505.0,4759.0,11882.0,12858.0,0.0,100316.0,8947.0
2022-12-07,49084.0,37868.0,43961.0,20776.0,6155.0,3079.0,11180.0,0.0,37316.0,27562.0
2022-12-08,12194.0,24970.0,24857.0,15511.0,8686.0,7170.0,25307.0,0.0,54869.0,21026.0
2022-12-09,41141.0,28082.0,41284.0,9061.0,2063.0,8796.0,10845.0,0.0,122258.0,5549.0
2022-12-10,24846.0,24291.0,23991.0,9677.0,14921.0,3078.0,2442.0,0.0,31059.0,21740.0
2022-12-11,43890.0,51422.0,46406.0,19730.0,0.0,9478.0,25384.0,0.0,95951.0,21793.0
2022-12-12,29903.0,10914.0,37785.0,16495.0,15567.0,7265.0,2718.0,0.0,63041.0,0.0
2022-12-13,40476.0,27860.0,48306.0,7583.0,9899.0,6312.0,12540.0,0.0,40142.0,37002.0
2022-12-14,45141.0,56392.0,6634.0,15046.0,8359.0,0.0,23386.0,0.0,65390.0,17061.0
2022-12-15,35150.0,6180.0,50835.0,30803.0,0.0,4723.0,13748.0,0.0,49298.0,0.0
2022-12-16,33592.0,39492.0,30664.0,0.0,12145.0,14801.0,0.0,0.0,66023.0,13602.0
2022-12-17,25958.0,28529.0,48208.0,13367.0,6673.0,1697.0,24725.0,0.0,122016.0,23581.0
2022-12-18,30361.0,35878.0,39193.0,18130.0,7276.0,6657.0,0.0,2944.0,66236.0,21398.0
2022-12-19,50892.0,31407.0,31805.0,15051.0,8817.0,8770.0,12307.0,0.0,35866.0,13070.0
2022-12-20,11273.0,38767.0,35168.0,23179.0,11689.0,4254.0,19321.0,0.0,76655.0,8340.0
2022-12-21,59415.0,22726.0,28262.0,2847.0,7345.0,11689.0,15776.0,0.0,36649.0,37707.0
2022-12-22,23986.0,41560.0,30944.0,15325.0,1893.0,3147.0,8126.0,0.0,116040.0,13050.0
2022-12-23,19157.0,31624.0,46316.0,16102.0,11887.0,10552.0,14833.0,0.0,49300.0,17700.0
2022-12-24,62413.0,5683.0,27352.0,29172.0,10109.0,5378.0,17130.0,0.0,38924.0,9250.0
2022-12-25,32433.0,39959.0,38313.0,12413.0,12923.0,2855.0,15568.0,0.0,66829.0,9325.0
2022-12-26,17291.0,43110.0,36905.0,5795.0,8157.0,11347.0,10537.0,0.0,108577.0,20846.0
2022-12-27,36937.0,17676.0,47163.0,13598.0,0.0,5379.0,14781.0,0.0,65260.0,10153.0
2022-12-28,41111.0,48431.0,12867.0,23687.0,12539.0,6852.0,8866.0,778.0,73369.0,22111.0
2022-12-29,23028.0,11249.0,50722.0,9576.0,5378.0,7483.0,10266.0,0.0,62107.0,30617.0
2022-12-30,37415.0,51918.0,48212.0,16269.0,13048.0,9037.0,12499.0,0.0,80376.0,9648.0
2022-12-31,33851.0,23458.0,21115.0,18383.0,5586.0,1493.0,11013.0,0.0,20833.0,27016.0
2023-01-01,31792.0,33773.0,40327.0,6845.0,8985.0,4446.0,7210.0,0.0,108435.0,13906.0
2023-01-02,57707.0,8203.0,38409.0,27551.0,9995.0,10551.0,23735.0,0.0,69570.0,10598.0
2023-01-03,38854.0,45270.0,23917.0,1351.0,15826.0,5444.0,1649.0,0.0,63848.0,13232.0
2023-01-04,13629.0,25981.0,47915.0,13470.0,3741.0,4898.0,15362.0,0.0,27271.0,24917.0
2023-01-05,39646.0,37256.0,37010.0,28364.0,14527.0,13308.0,15373.0,936.0,73421.0,23942.0
2023-01-06,30340.0,41594.0,50773.0,18132.0,1005.0,0.0,15142.0,0.0,99898.0,0.0
2023-01-07,55444.0,24541.0,36065.0,5989.0,9193.0,8373.0,4775.0,0.0,58920.0,17749.0
2023-01-08,10119.0,22474.0,23542.0,13593.0,7950.0,5736.0,19709.0,376.0,86667.0,24470.0
2023-01-09,38346.0,30753.0,46238.0,13880.0,8935.0,9782.0,7115.0,0.0,64732.0,9269.0
2023-01-10,53406.0,49552.0,25791.0,20374.0,11571.0,9035.0,16953.0,0.0,37962.0,27053.0
2023-01-11,31351.0,12579.0,46950.0,16944.0,15501.0,4862.0,25509.0,0.0,109996.0,3415.0
2023-01-12,22653.0,36988.0,15016.0,17223.0,4039.0,4571.0,0.0,1623.0,30498.0,37166.0
2023-01-13,50485.0,31516.0,62607.0,4411.0,16281.0,7390.0,14045.0,0.0,52652.0,18552.0
2023-01-14,35365.0,25306.0,22706.0,23303.0,139.0,11569.0,13679.0,0.0,80420.0,18271.0
2023-01-15,25100.0,30513.0,45005.0,17304.0,13201.0,2303.0,21365.0,0.0,67432.0,9815.0
2023-01-16,28945.0,44127.0,9915.0,7230.0,13519.0,8955.0,3986.0,0.0,84841.0,15204.0
2023-01-17,62641.0,18654.0,69768.0,21094.0,1891.0,8034.0,24327.0,1049.0,48479.0,18186.0
2023-01-18,7957.0,44207.0,36862.0,5092.0,14619.0,8772.0,4843.0,0.0,107777.0,14800.0
2023-01-19,41633.0,22656.0,29266.0,30695.0,7580.0,10792.0,17014.0,0.0,51183.0,23467.0
2023-01-20,54533.0,32169.0,14178.0,8336.0,7697.0,0.0,7266.0,0.0,60429.0,24282.0
2023-01-21,40565.0,23533.0,41454.0,10603.0,17389.0,12676.0,24356.0,0.0,108706.0,15759.0
2023-01-22,24156.0,40439.0,63239.0,16886.0,11403.0,930.0,0.0,0.0,44722.0,15039.0
2023-01-23,22197.0,42131.0,16672.0,27491.0,10770.0,15542.0,27166.0,0.0,51609.0,20847.0
2023-01-24,54166.0,32918.0,26259.0,12743.0,1136.0,3984.0,0.0,1051.0,91184.0,2268.0
2023-01-25,35306.0,13364.0,55624.0,876.0,11722.0,7902.0,16954.0,0.0,55376.0,29206.0
2023-01-26,34894.0,39724.0,29279.0,16488.0,16526.0,7551.0,8462.0,0.0,74782.0,19300.0
2023-01-27,31314.0,32297.0,42228.0,22580.0,8409.0,6300.0,10401.0,269.0,75202.0,20201.0
2023-01-28,31554.0,26040.0,30575.0,16407.0,6767.0,7011.0,20922.0,0.0,45434.0,7401.0
2023-01-29,48489.0,57572.0,32507.0,17672.0,9419.0,10195.0,19277.0,0.0,82781.0,12708.0
2023-01-30,36326.0,6426.0,34495.0,17275.0,22082.0,2055.0,4453.0,0.0,57478.0,31658.0
2023-01-31,12739.0,52663.0,44868.0,1581.0,4442.0,8964.0,15572.0,0.0,96288.0,3191.0
2023-02-01,62977.0,22148.0,43206.0,27127.0,5660.0,13740.0,20522.0,0.0,62824.0,10498.0
2023-02-02,32066.0,18819.0,45605.0,10634.0,9813.0,0.0,12974.0,424.0,58004.0,27382.0
2023-02-03,21666.0,51537.0,17323.0,11847.0,16616.0,8164.0,12123.0,0.0,68153.0,29576.0
2023-02-04,49656.0,16423.0,35401.0,15618.0,14919.0,7977.0,13876.0,0.0,101946.0,19524.0
2023-02-05,17844.0,31607.0,58189.0,22706.0,3311.0,12007.0,9003.0,665.0,25061.0,0.0
2023-02-06,56482.0,50429.0,41447.0,15694.0,16510.0,8282.0,18671.0,330.0,74341.0,36396.0
2023-02-07,22991.0,19178.0,18650.0,6877.0,6870.0,6716.0,1703.0,0.0,88090.0,7197.0
2023-02-08,50078.0,51015.0,47737.0,29296.0,15251.0,10120.0,18234.0,0.0,97651.0,22224.0
2023-02-09,38694.0,18699.0,33325.0,12466.0,9314.0,2693.0,6087.0,0.0,55665.0,194.0
2023-02-10,40372.0,36799.0,56447.0,4812.0,14794.0,9562.0,25038.0,0.0,63465.0,31253.0
2023-02-11,11271.0,17390.0,19646.0,25452.0,3295.0,1915.0,6547.0,0.0,90054.0,18998.0
2023-02-12,61691.0,38469.0,35132.0,14155.0,10570.0,7633.0,8632.0,0.0,79697.0,27086.0
2023-02-13,16984.0,35606.0,49107.0,5873.0,22472.0,11072.0,14479.0,0.0,34710.0,0.0
2023-02-14,37494.0,38684.0,19464.0,17886.0,4582.0,9177.0,29050.0,713.0,97735.0,28214.0
2023-02-15,53939.0,14998.0,36077.0,17140.0,15300.0,6694.0,0.0,391.0,42308.0,9776.0
2023-02-16,14643.0,42063.0,61514.0,21352.0,9609.0,4197.0,15661.0,0.0,63809.0,17568.0
2023-02-17,38442.0,43020.0,18746.0,13224.0,17589.0,11822.0,25484.0,130.0,82881.0,13623.0
2023-02-18,38245.0,33474.0,49230.0,15885.0,11452.0,4211.0,12763.0,784.0,86790.0,19689.0
2023-02-19,49626.0,13407.0,46972.0,10449.0,1624.0,14334.0,13965.0,0.0,67730.0,12483.0
2023-02-20,38838.0,51608.0,36100.0,31146.0,11724.0,7597.0,13666.0,0.0,68256.0,35497.0
2023-02-21,33288.0,35190.0,40891.0,2056.0,21335.0,8633.0,0.0,0.0,84264.0,7129.0
2023-02-22,42932.0,32842.0,36218.0,25266.0,4914.0,1699.0,13706.0,0.0,53775.0,25649.0
2023-02-23,13108.0,26255.0,33654.0,15249.0,8043.0,13284.0,24416.0,466.0,55527.0,7512.0
2023-02-24,64945.0,30019.0,40106.0,5420.0,13951.0,6044.0,9806.0,0.0,84290.0,25016.0
2023-02-25,35720.0,42847.0,46100.0,14647.0,20663.0,7961.0,10712.0,1618.0,102577.0,28064.0
2023-02-26,23526.0,20178.0,32626.0,30563.0,6898.0,9237.0,20942.0,141.0,61111.0,20482.0
2023-02-27,53332.0,22497.0,15098.0,15272.0,13186.0,4362.0,15190.0,0.0,88188.0,11204.0
2023-02-28,21020.0,55196.0,70159.0,15530.0,18163.0,10204.0,0.0,463.0,44775.0,15781.0
2023-03-01,35587.0,26499.0,10202.0,10293.0,485.0,5967.0,16098.0,0.0,99584.0,17890.0
2023-03-02,28569.0,35595.0,54313.0,7436.0,15506.0,14665.0,10748.0,0.0,69246.0,20616.0
2023-03-03,38779.0,22384.0,20639.0,26812.0,19021.0,0.0,28389.0,0.0,28889.0,8016.0
2023-03-04,49990.0,30028.0,56766.0,7730.0,11516.0,12237.0,0.0,0.0,116536.0,29169.0
2023-03-05,23921.0,55889.0,38746.0,23516.0,3868.0,4108.0,15365.0,1177.0,27218.0,15400.0
2023-03-06,51139.0,30679.0,46092.0,9264.0,23868.0,9779.0,11110.0,0.0,91967.0,9777.0
2023-03-07,19789.0,10407.0,35215.0,27159.0,11499.0,5525.0,18572.0,0.0,61777.0,18768.0
2023-03-08,65653.0,38912.0,35750.0,4839.0,1812.0,8821.0,18474.0,0.0,68234.0,27895.0
2023-03-09,22855.0,38907.0,25020.0,13625.0,20851.0,9649.0,13715.0,100.0,112987.0,7256.0
